day,time,tidal_range
23-Sep-20,0:59:59,-0.2628
23-Sep-20,1:59:59,-0.1224
23-Sep-20,2:59:59,0.0432
23-Sep-20,3:59:59,0.1949
23-Sep-20,4:59:59,0.2955
23-Sep-20,5:59:59,0.319
23-Sep-20,6:59:59,0.2596
23-Sep-20,7:59:59,0.1341
23-Sep-20,8:59:59,-0.0224
23-Sep-20,9:59:59,-0.1684
23-Sep-20,10:59:59,-0.268
23-Sep-20,11:59:59,-0.2997
23-Sep-20,12:59:59,-0.2598
23-Sep-20,13:59:59,-0.1596
23-Sep-20,14:59:59,-0.0229
23-Sep-20,15:59:59,0.119
23-Sep-20,16:59:59,0.2321
23-Sep-20,17:59:59,0.2874
23-Sep-20,18:59:59,0.2699
23-Sep-20,19:59:59,0.1841
23-Sep-20,20:59:59,0.0535
23-Sep-20,21:59:59,-0.0869
23-Sep-20,22:59:59,-0.2023
23-Sep-20,23:59:59,-0.267
24-Sep-20,0:59:59,-0.2695
24-Sep-20,1:59:59,-0.2119
24-Sep-20,2:59:59,-0.1078
24-Sep-20,3:59:59,0.0198
24-Sep-20,4:59:59,0.1422
24-Sep-20,5:59:59,0.2298
24-Sep-20,6:59:59,0.2602
24-Sep-20,7:59:59,0.2258
24-Sep-20,8:59:59,0.1372
24-Sep-20,9:59:59,0.0193
24-Sep-20,10:59:59,-0.0974
24-Sep-20,11:59:59,-0.1854
24-Sep-20,12:59:59,-0.2274
24-Sep-20,13:59:59,-0.2168
24-Sep-20,14:59:59,-0.1575
24-Sep-20,15:59:59,-0.0623
24-Sep-20,16:59:59,0.0477
24-Sep-20,17:59:59,0.1459
24-Sep-20,18:59:59,0.2069
24-Sep-20,19:59:59,0.2138
24-Sep-20,20:59:59,0.1648
24-Sep-20,21:59:59,0.0739
24-Sep-20,22:59:59,-0.0343
24-Sep-20,23:59:59,-0.1334
25-Sep-20,0:59:59,-0.2019
25-Sep-20,1:59:59,-0.2263
25-Sep-20,2:59:59,-0.2016
25-Sep-20,3:59:59,-0.1316
25-Sep-20,4:59:59,-0.0294
25-Sep-20,5:59:59,0.0831
25-Sep-20,6:59:59,0.1787
25-Sep-20,7:59:59,0.233
25-Sep-20,8:59:59,0.2322
25-Sep-20,9:59:59,0.1779
25-Sep-20,10:59:59,0.0857
25-Sep-20,11:59:59,-0.0213
25-Sep-20,12:59:59,-0.1193
25-Sep-20,13:59:59,-0.1885
25-Sep-20,14:59:59,-0.2153
25-Sep-20,15:59:59,-0.1936
25-Sep-20,16:59:59,-0.1265
25-Sep-20,17:59:59,-0.0283
25-Sep-20,18:59:59,0.0768
25-Sep-20,19:59:59,0.1605
25-Sep-20,20:59:59,0.1999
25-Sep-20,21:59:59,0.1848
25-Sep-20,22:59:59,0.1204
25-Sep-20,23:59:59,0.0243
26-Sep-20,0:59:59,-0.0802
26-Sep-20,1:59:59,-0.1697
26-Sep-20,2:59:59,-0.2241
26-Sep-20,3:59:59,-0.2293
26-Sep-20,4:59:59,-0.1801
26-Sep-20,5:59:59,-0.0835
26-Sep-20,6:59:59,0.04
26-Sep-20,7:59:59,0.16
26-Sep-20,8:59:59,0.2455
26-Sep-20,9:59:59,0.2745
26-Sep-20,10:59:59,0.2407
26-Sep-20,11:59:59,0.154
26-Sep-20,12:59:59,0.0354
26-Sep-20,13:59:59,-0.0889
26-Sep-20,14:59:59,-0.1923
26-Sep-20,15:59:59,-0.2522
26-Sep-20,16:59:59,-0.2533
26-Sep-20,17:59:59,-0.1929
26-Sep-20,18:59:59,-0.0845
26-Sep-20,19:59:59,0.0443
26-Sep-20,20:59:59,0.1583
26-Sep-20,21:59:59,0.2263
26-Sep-20,22:59:59,0.2308
26-Sep-20,23:59:59,0.172
27-Sep-20,0:59:59,0.0661
27-Sep-20,1:59:59,-0.0609
27-Sep-20,2:59:59,-0.1791
27-Sep-20,3:59:59,-0.2599
27-Sep-20,4:59:59,-0.281
27-Sep-20,5:59:59,-0.232
27-Sep-20,6:59:59,-0.1198
27-Sep-20,7:59:59,0.0307
27-Sep-20,8:59:59,0.1816
27-Sep-20,9:59:59,0.2934
27-Sep-20,10:59:59,0.3373
27-Sep-20,11:59:59,0.303
27-Sep-20,12:59:59,0.2001
27-Sep-20,13:59:59,0.0535
27-Sep-20,14:59:59,-0.1036
27-Sep-20,15:59:59,-0.236
27-Sep-20,16:59:59,-0.3129
27-Sep-20,17:59:59,-0.3145
27-Sep-20,18:59:59,-0.238
27-Sep-20,19:59:59,-0.1018
27-Sep-20,20:59:59,0.0582
27-Sep-20,21:59:59,0.198
27-Sep-20,22:59:59,0.2795
27-Sep-20,23:59:59,0.2819
28-Sep-20,0:59:59,0.2062
28-Sep-20,1:59:59,0.0732
28-Sep-20,2:59:59,-0.0839
28-Sep-20,3:59:59,-0.2267
28-Sep-20,4:59:59,-0.3192
28-Sep-20,5:59:59,-0.3349
28-Sep-20,6:59:59,-0.2645
28-Sep-20,7:59:59,-0.1204
28-Sep-20,8:59:59,0.0634
28-Sep-20,9:59:59,0.2395
28-Sep-20,10:59:59,0.3617
28-Sep-20,11:59:59,0.3982
28-Sep-20,12:59:59,0.3408
28-Sep-20,13:59:59,0.205
28-Sep-20,14:59:59,0.0239
28-Sep-20,15:59:59,-0.1603
28-Sep-20,16:59:59,-0.3051
28-Sep-20,17:59:59,-0.3759
28-Sep-20,18:59:59,-0.3539
28-Sep-20,19:59:59,-0.2431
28-Sep-20,20:59:59,-0.0713
28-Sep-20,21:59:59,0.1152
28-Sep-20,22:59:59,0.2652
28-Sep-20,23:59:59,0.338
29-Sep-20,0:59:59,0.3154
29-Sep-20,1:59:59,0.2053
29-Sep-20,2:59:59,0.0375
29-Sep-20,3:59:59,-0.1453
29-Sep-20,4:59:59,-0.2976
29-Sep-20,5:59:59,-0.38
29-Sep-20,6:59:59,-0.3681
29-Sep-20,7:59:59,-0.2594
29-Sep-20,8:59:59,-0.0771
29-Sep-20,9:59:59,0.134
29-Sep-20,10:59:59,0.3188
29-Sep-20,11:59:59,0.4281
29-Sep-20,12:59:59,0.4339
29-Sep-20,13:59:59,0.336
29-Sep-20,14:59:59,0.1604
29-Sep-20,15:59:59,-0.0497
29-Sep-20,16:59:59,-0.2443
29-Sep-20,17:59:59,-0.3778
29-Sep-20,18:59:59,-0.4179
29-Sep-20,19:59:59,-0.3536
29-Sep-20,20:59:59,-0.2
29-Sep-20,21:59:59,0.003
29-Sep-20,22:59:59,0.2006
29-Sep-20,23:59:59,0.3383
30-Sep-20,0:59:59,0.3791
30-Sep-20,1:59:59,0.3135
30-Sep-20,2:59:59,0.1613
30-Sep-20,3:59:59,-0.0368
30-Sep-20,4:59:59,-0.2301
30-Sep-20,5:59:59,-0.3698
30-Sep-20,6:59:59,-0.4193
30-Sep-20,7:59:59,-0.3625
30-Sep-20,8:59:59,-0.2089
30-Sep-20,9:59:59,0.006
30-Sep-20,10:59:59,0.2277
30-Sep-20,11:59:59,0.3974
30-Sep-20,12:59:59,0.47
30-Sep-20,13:59:59,0.427
30-Sep-20,14:59:59,0.2811
30-Sep-20,15:59:59,0.0708
30-Sep-20,16:59:59,-0.1517
30-Sep-20,17:59:59,-0.3331
30-Sep-20,18:59:59,-0.4307
30-Sep-20,19:59:59,-0.421
30-Sep-20,20:59:59,-0.3056
30-Sep-20,21:59:59,-0.1132
30-Sep-20,22:59:59,0.1058
30-Sep-20,23:59:59,0.2919
1-Oct-20,0:59:59,0.3938
1-Oct-20,1:59:59,0.3845
1-Oct-20,2:59:59,0.2683
1-Oct-20,3:59:59,0.0783
1-Oct-20,4:59:59,-0.1348
1-Oct-20,5:59:59,-0.3162
1-Oct-20,6:59:59,-0.4203
1-Oct-20,7:59:59,-0.4195
1-Oct-20,8:59:59,-0.3106
1-Oct-20,9:59:59,-0.1172
1-Oct-20,10:59:59,0.1137
1-Oct-20,11:59:59,0.3223
1-Oct-20,12:59:59,0.4528
1-Oct-20,13:59:59,0.4701
1-Oct-20,14:59:59,0.3704
1-Oct-20,15:59:59,0.1813
1-Oct-20,16:59:59,-0.0475
1-Oct-20,17:59:59,-0.2592
1-Oct-20,18:59:59,-0.4031
1-Oct-20,19:59:59,-0.4458
1-Oct-20,20:59:59,-0.3774
1-Oct-20,21:59:59,-0.2145
1-Oct-20,22:59:59,0.0017
1-Oct-20,23:59:59,0.2143
2-Oct-20,0:59:59,0.3655
2-Oct-20,1:59:59,0.4136
2-Oct-20,2:59:59,0.3462
2-Oct-20,3:59:59,0.1837
2-Oct-20,4:59:59,-0.0287
2-Oct-20,5:59:59,-0.2345
2-Oct-20,6:59:59,-0.3812
2-Oct-20,7:59:59,-0.4321
2-Oct-20,8:59:59,-0.3734
2-Oct-20,9:59:59,-0.2172
2-Oct-20,10:59:59,-0.0002
2-Oct-20,11:59:59,0.2236
2-Oct-20,12:59:59,0.3952
2-Oct-20,13:59:59,0.468
2-Oct-20,14:59:59,0.422
2-Oct-20,15:59:59,0.2701
2-Oct-20,16:59:59,0.0536
2-Oct-20,17:59:59,-0.171
2-Oct-20,18:59:59,-0.348
2-Oct-20,19:59:59,-0.4358
2-Oct-20,20:59:59,-0.4151
2-Oct-20,21:59:59,-0.2917
2-Oct-20,22:59:59,-0.0963
2-Oct-20,23:59:59,0.1217
3-Oct-20,0:59:59,0.3047
3-Oct-20,1:59:59,0.403
3-Oct-20,2:59:59,0.3893
3-Oct-20,3:59:59,0.2683
3-Oct-20,4:59:59,0.0748
3-Oct-20,5:59:59,-0.1379
3-Oct-20,6:59:59,-0.3136
3-Oct-20,7:59:59,-0.408
3-Oct-20,8:59:59,-0.3982
3-Oct-20,9:59:59,-0.2864
3-Oct-20,10:59:59,-0.0987
3-Oct-20,11:59:59,0.1194
3-Oct-20,12:59:59,0.3126
3-Oct-20,13:59:59,0.4291
3-Oct-20,14:59:59,0.4363
3-Oct-20,15:59:59,0.3316
3-Oct-20,16:59:59,0.1432
3-Oct-20,17:59:59,-0.078
3-Oct-20,18:59:59,-0.2749
3-Oct-20,19:59:59,-0.3991
3-Oct-20,20:59:59,-0.4229
3-Oct-20,21:59:59,-0.3428
3-Oct-20,22:59:59,-0.1796
3-Oct-20,23:59:59,0.0264
4-Oct-20,0:59:59,0.2231
4-Oct-20,1:59:59,0.3588
4-Oct-20,2:59:59,0.3963
4-Oct-20,3:59:59,0.3253
4-Oct-20,4:59:59,0.1659
4-Oct-20,5:59:59,-0.0367
4-Oct-20,6:59:59,-0.2269
4-Oct-20,7:59:59,-0.3552
4-Oct-20,8:59:59,-0.3901
4-Oct-20,9:59:59,-0.3246
4-Oct-20,10:59:59,-0.1752
4-Oct-20,11:59:59,0.0218
4-Oct-20,12:59:59,0.2181
4-Oct-20,13:59:59,0.363
4-Oct-20,14:59:59,0.417
4-Oct-20,15:59:59,0.3636
4-Oct-20,16:59:59,0.216
4-Oct-20,17:59:59,0.0138
4-Oct-20,18:59:59,-0.1889
4-Oct-20,19:59:59,-0.3402
4-Oct-20,20:59:59,-0.4042
4-Oct-20,21:59:59,-0.3684
4-Oct-20,22:59:59,-0.2444
4-Oct-20,23:59:59,-0.0633
5-Oct-20,0:59:59,0.1303
5-Oct-20,1:59:59,0.288
5-Oct-20,2:59:59,0.3686
5-Oct-20,3:59:59,0.3498
5-Oct-20,4:59:59,0.2366
5-Oct-20,5:59:59,0.0608
5-Oct-20,6:59:59,-0.1282
5-Oct-20,7:59:59,-0.279
5-Oct-20,8:59:59,-0.353
5-Oct-20,9:59:59,-0.3337
5-Oct-20,10:59:59,-0.2281
5-Oct-20,11:59:59,-0.0633
5-Oct-20,12:59:59,0.1205
5-Oct-20,13:59:59,0.2778
5-Oct-20,14:59:59,0.3676
5-Oct-20,15:59:59,0.3644
5-Oct-20,16:59:59,0.2665
5-Oct-20,17:59:59,0.0988
5-Oct-20,18:59:59,-0.0937
5-Oct-20,19:59:59,-0.2601
5-Oct-20,20:59:59,-0.3585
5-Oct-20,21:59:59,-0.3671
5-Oct-20,22:59:59,-0.2876
5-Oct-20,23:59:59,-0.1419
6-Oct-20,0:59:59,0.0339
6-Oct-20,1:59:59,0.1976
6-Oct-20,2:59:59,0.3088
6-Oct-20,3:59:59,0.3388
6-Oct-20,4:59:59,0.2789
6-Oct-20,5:59:59,0.1454
6-Oct-20,6:59:59,-0.0244
6-Oct-20,7:59:59,-0.183
6-Oct-20,8:59:59,-0.2877
6-Oct-20,9:59:59,-0.313
6-Oct-20,10:59:59,-0.2554
6-Oct-20,11:59:59,-0.1321
6-Oct-20,12:59:59,0.0255
6-Oct-20,13:59:59,0.1792
6-Oct-20,14:59:59,0.291
6-Oct-20,15:59:59,0.3314
6-Oct-20,16:59:59,0.2874
6-Oct-20,17:59:59,0.1681
6-Oct-20,18:59:59,0.004
6-Oct-20,19:59:59,-0.1609
6-Oct-20,20:59:59,-0.2836
6-Oct-20,21:59:59,-0.334
6-Oct-20,22:59:59,-0.3032
6-Oct-20,23:59:59,-0.2024
7-Oct-20,0:59:59,-0.0582
7-Oct-20,1:59:59,0.0949
7-Oct-20,2:59:59,0.2212
7-Oct-20,3:59:59,0.2904
7-Oct-20,4:59:59,0.2849
7-Oct-20,5:59:59,0.2056
7-Oct-20,6:59:59,0.074
7-Oct-20,7:59:59,-0.073
7-Oct-20,8:59:59,-0.1947
7-Oct-20,9:59:59,-0.2589
7-Oct-20,10:59:59,-0.2516
7-Oct-20,11:59:59,-0.1784
7-Oct-20,12:59:59,-0.0602
7-Oct-20,13:59:59,0.0735
7-Oct-20,14:59:59,0.1906
7-Oct-20,15:59:59,0.2626
7-Oct-20,16:59:59,0.2702
7-Oct-20,17:59:59,0.2085
7-Oct-20,18:59:59,0.0915
7-Oct-20,19:59:59,-0.0507
7-Oct-20,20:59:59,-0.1805
7-Oct-20,21:59:59,-0.2641
7-Oct-20,22:59:59,-0.2823
7-Oct-20,23:59:59,-0.2344
8-Oct-20,0:59:59,-0.1354
8-Oct-20,1:59:59,-0.0102
8-Oct-20,2:59:59,0.1127
8-Oct-20,3:59:59,0.206
8-Oct-20,4:59:59,0.2483
8-Oct-20,5:59:59,0.2289
8-Oct-20,6:59:59,0.1523
8-Oct-20,7:59:59,0.0393
8-Oct-20,8:59:59,-0.0784
8-Oct-20,9:59:59,-0.1687
8-Oct-20,10:59:59,-0.2087
8-Oct-20,11:59:59,-0.1916
8-Oct-20,12:59:59,-0.1256
8-Oct-20,13:59:59,-0.0294
8-Oct-20,14:59:59,0.0737
8-Oct-20,15:59:59,0.1599
8-Oct-20,16:59:59,0.2087
8-Oct-20,17:59:59,0.2063
8-Oct-20,18:59:59,0.1506
8-Oct-20,19:59:59,0.054
8-Oct-20,20:59:59,-0.0587
8-Oct-20,21:59:59,-0.1576
8-Oct-20,22:59:59,-0.2175
8-Oct-20,23:59:59,-0.2256
9-Oct-20,0:59:59,-0.1834
9-Oct-20,1:59:59,-0.1036
9-Oct-20,2:59:59,-0.0048
9-Oct-20,3:59:59,0.0925
9-Oct-20,4:59:59,0.1679
9-Oct-20,5:59:59,0.2046
9-Oct-20,6:59:59,0.193
9-Oct-20,7:59:59,0.1355
9-Oct-20,8:59:59,0.0476
9-Oct-20,9:59:59,-0.0463
9-Oct-20,10:59:59,-0.1212
9-Oct-20,11:59:59,-0.1593
9-Oct-20,12:59:59,-0.1551
9-Oct-20,13:59:59,-0.1133
9-Oct-20,14:59:59,-0.0458
9-Oct-20,15:59:59,0.0322
9-Oct-20,16:59:59,0.1036
9-Oct-20,17:59:59,0.1516
9-Oct-20,18:59:59,0.1623
9-Oct-20,19:59:59,0.1301
9-Oct-20,20:59:59,0.0616
9-Oct-20,21:59:59,-0.0257
9-Oct-20,22:59:59,-0.1086
9-Oct-20,23:59:59,-0.1662
10-Oct-20,0:59:59,-0.1865
10-Oct-20,1:59:59,-0.1671
10-Oct-20,2:59:59,-0.1136
10-Oct-20,3:59:59,-0.0365
10-Oct-20,4:59:59,0.05
10-Oct-20,5:59:59,0.1286
10-Oct-20,6:59:59,0.181
10-Oct-20,7:59:59,0.1932
10-Oct-20,8:59:59,0.1611
10-Oct-20,9:59:59,0.0928
10-Oct-20,10:59:59,0.0072
10-Oct-20,11:59:59,-0.074
10-Oct-20,12:59:59,-0.1325
10-Oct-20,13:59:59,-0.1578
10-Oct-20,14:59:59,-0.1468
10-Oct-20,15:59:59,-0.1027
10-Oct-20,16:59:59,-0.0342
10-Oct-20,17:59:59,0.0444
10-Oct-20,18:59:59,0.1139
10-Oct-20,19:59:59,0.1546
10-Oct-20,20:59:59,0.1531
10-Oct-20,21:59:59,0.1082
10-Oct-20,22:59:59,0.0316
10-Oct-20,23:59:59,-0.0561
11-Oct-20,0:59:59,-0.1331
11-Oct-20,1:59:59,-0.1819
11-Oct-20,2:59:59,-0.1919
11-Oct-20,3:59:59,-0.1599
11-Oct-20,4:59:59,-0.0896
11-Oct-20,5:59:59,0.0069
11-Oct-20,6:59:59,0.1094
11-Oct-20,7:59:59,0.1931
11-Oct-20,8:59:59,0.2349
11-Oct-20,9:59:59,0.2225
11-Oct-20,10:59:59,0.1586
11-Oct-20,11:59:59,0.0601
11-Oct-20,12:59:59,-0.0489
11-Oct-20,13:59:59,-0.1437
11-Oct-20,14:59:59,-0.2044
11-Oct-20,15:59:59,-0.2187
11-Oct-20,16:59:59,-0.1824
11-Oct-20,17:59:59,-0.1019
11-Oct-20,18:59:59,0.0054
11-Oct-20,19:59:59,0.1123
11-Oct-20,20:59:59,0.1892
11-Oct-20,21:59:59,0.2133
11-Oct-20,22:59:59,0.1772
11-Oct-20,23:59:59,0.0907
12-Oct-20,0:59:59,-0.0229
12-Oct-20,1:59:59,-0.1348
12-Oct-20,2:59:59,-0.218
12-Oct-20,3:59:59,-0.2522
12-Oct-20,4:59:59,-0.2267
12-Oct-20,5:59:59,-0.1428
12-Oct-20,6:59:59,-0.0158
12-Oct-20,7:59:59,0.1256
12-Oct-20,8:59:59,0.2455
12-Oct-20,9:59:59,0.3108
12-Oct-20,10:59:59,0.3028
12-Oct-20,11:59:59,0.2225
12-Oct-20,12:59:59,0.0905
12-Oct-20,13:59:59,-0.0611
12-Oct-20,14:59:59,-0.1971
12-Oct-20,15:59:59,-0.2872
12-Oct-20,16:59:59,-0.3109
12-Oct-20,17:59:59,-0.2612
12-Oct-20,18:59:59,-0.1476
12-Oct-20,19:59:59,0.0034
12-Oct-20,20:59:59,0.1529
12-Oct-20,21:59:59,0.2599
12-Oct-20,22:59:59,0.2941
12-Oct-20,23:59:59,0.2459
13-Oct-20,0:59:59,0.1289
13-Oct-20,1:59:59,-0.0253
13-Oct-20,2:59:59,-0.1772
13-Oct-20,3:59:59,-0.2889
13-Oct-20,4:59:59,-0.332
13-Oct-20,5:59:59,-0.2924
13-Oct-20,6:59:59,-0.1746
13-Oct-20,7:59:59,-0.0031
13-Oct-20,8:59:59,0.1814
13-Oct-20,9:59:59,0.3306
13-Oct-20,10:59:59,0.4036
13-Oct-20,11:59:59,0.3791
13-Oct-20,12:59:59,0.2624
13-Oct-20,13:59:59,0.0831
13-Oct-20,14:59:59,-0.1149
13-Oct-20,15:59:59,-0.285
13-Oct-20,16:59:59,-0.3879
13-Oct-20,17:59:59,-0.3995
13-Oct-20,18:59:59,-0.3154
13-Oct-20,19:59:59,-0.1542
13-Oct-20,20:59:59,0.0448
13-Oct-20,21:59:59,0.2297
13-Oct-20,22:59:59,0.3503
13-Oct-20,23:59:59,0.3731
14-Oct-20,0:59:59,0.2923
14-Oct-20,1:59:59,0.1305
14-Oct-20,2:59:59,-0.0688
14-Oct-20,3:59:59,-0.254
14-Oct-20,4:59:59,-0.3784
14-Oct-20,5:59:59,-0.4094
14-Oct-20,6:59:59,-0.3357
14-Oct-20,7:59:59,-0.1704
14-Oct-20,8:59:59,0.0493
14-Oct-20,9:59:59,0.269
14-Oct-20,10:59:59,0.4308
14-Oct-20,11:59:59,0.49
14-Oct-20,12:59:59,0.4289
14-Oct-20,13:59:59,0.2626
14-Oct-20,14:59:59,0.0331
14-Oct-20,15:59:59,-0.203
14-Oct-20,16:59:59,-0.3894
14-Oct-20,17:59:59,-0.4828
14-Oct-20,18:59:59,-0.4609
14-Oct-20,19:59:59,-0.328
14-Oct-20,20:59:59,-0.1155
14-Oct-20,21:59:59,0.1235
14-Oct-20,22:59:59,0.3265
14-Oct-20,23:59:59,0.4383
15-Oct-20,0:59:59,0.4286
15-Oct-20,1:59:59,0.3007
15-Oct-20,2:59:59,0.0901
15-Oct-20,3:59:59,-0.1467
15-Oct-20,4:59:59,-0.3486
15-Oct-20,5:59:59,-0.4642
15-Oct-20,6:59:59,-0.4629
15-Oct-20,7:59:59,-0.3416
15-Oct-20,8:59:59,-0.1258
15-Oct-20,9:59:59,0.1334
15-Oct-20,10:59:59,0.3706
15-Oct-20,11:59:59,0.5227
15-Oct-20,12:59:59,0.5474
15-Oct-20,13:59:59,0.4365
15-Oct-20,14:59:59,0.2181
15-Oct-20,15:59:59,-0.0522
15-Oct-20,16:59:59,-0.3076
15-Oct-20,17:59:59,-0.487
15-Oct-20,18:59:59,-0.5487
15-Oct-20,19:59:59,-0.4786
15-Oct-20,20:59:59,-0.2932
15-Oct-20,21:59:59,-0.0376
15-Oct-20,22:59:59,0.2233
15-Oct-20,23:59:59,0.4211
16-Oct-20,0:59:59,0.5023
16-Oct-20,1:59:59,0.4452
16-Oct-20,2:59:59,0.2663
16-Oct-20,3:59:59,0.0149
16-Oct-20,4:59:59,-0.2422
16-Oct-20,5:59:59,-0.4386
16-Oct-20,6:59:59,-0.5247
16-Oct-20,7:59:59,-0.4775
16-Oct-20,8:59:59,-0.3056
16-Oct-20,9:59:59,-0.0484
16-Oct-20,10:59:59,0.2318
16-Oct-20,11:59:59,0.4632
16-Oct-20,12:59:59,0.5839
16-Oct-20,13:59:59,0.5602
16-Oct-20,14:59:59,0.3968
16-Oct-20,15:59:59,0.136
16-Oct-20,16:59:59,-0.1556
16-Oct-20,17:59:59,-0.4059
16-Oct-20,18:59:59,-0.5554
16-Oct-20,19:59:59,-0.5699
16-Oct-20,20:59:59,-0.4472
16-Oct-20,21:59:59,-0.2173
16-Oct-20,22:59:59,0.0629
16-Oct-20,23:59:59,0.3221
17-Oct-20,0:59:59,0.492
17-Oct-20,1:59:59,0.527
17-Oct-20,2:59:59,0.4183
17-Oct-20,3:59:59,0.1964
17-Oct-20,4:59:59,-0.0782
17-Oct-20,5:59:59,-0.3328
17-Oct-20,6:59:59,-0.5024
17-Oct-20,7:59:59,-0.5446
17-Oct-20,8:59:59,-0.4483
17-Oct-20,9:59:59,-0.235
17-Oct-20,10:59:59,0.0448
17-Oct-20,11:59:59,0.3219
17-Oct-20,12:59:59,0.5249
17-Oct-20,13:59:59,0.5992
17-Oct-20,14:59:59,0.5235
17-Oct-20,15:59:59,0.317
17-Oct-20,16:59:59,0.0335
17-Oct-20,17:59:59,-0.2545
17-Oct-20,18:59:59,-0.476
17-Oct-20,19:59:59,-0.5792
17-Oct-20,20:59:59,-0.5415
17-Oct-20,21:59:59,-0.3738
17-Oct-20,22:59:59,-0.1176
17-Oct-20,23:59:59,0.1636
18-Oct-20,0:59:59,0.398
18-Oct-20,1:59:59,0.5239
18-Oct-20,2:59:59,0.5078
18-Oct-20,3:59:59,0.3549
18-Oct-20,4:59:59,0.1077
18-Oct-20,5:59:59,-0.1669
18-Oct-20,6:59:59,-0.397
18-Oct-20,7:59:59,-0.5248
18-Oct-20,8:59:59,-0.5195
18-Oct-20,9:59:59,-0.3825
18-Oct-20,10:59:59,-0.1465
18-Oct-20,11:59:59,0.1316
18-Oct-20,12:59:59,0.3825
18-Oct-20,13:59:59,0.5411
18-Oct-20,14:59:59,0.5645
18-Oct-20,15:59:59,0.4452
18-Oct-20,16:59:59,0.2145
18-Oct-20,17:59:59,-0.067
18-Oct-20,18:59:59,-0.3274
18-Oct-20,19:59:59,-0.5032
18-Oct-20,20:59:59,-0.5542
18-Oct-20,21:59:59,-0.4711
18-Oct-20,22:59:59,-0.2758
18-Oct-20,23:59:59,-0.0165
19-Oct-20,0:59:59,0.2427
19-Oct-20,1:59:59,0.4357
19-Oct-20,2:59:59,0.512
19-Oct-20,3:59:59,0.4516
19-Oct-20,4:59:59,0.2718
19-Oct-20,5:59:59,0.0222
19-Oct-20,6:59:59,-0.23
19-Oct-20,7:59:59,-0.42
19-Oct-20,8:59:59,-0.5015
19-Oct-20,9:59:59,-0.4563
19-Oct-20,10:59:59,-0.2969
19-Oct-20,11:59:59,-0.0618
19-Oct-20,12:59:59,0.1916
19-Oct-20,13:59:59,0.3997
19-Oct-20,14:59:59,0.5084
19-Oct-20,15:59:59,0.4879
19-Oct-20,16:59:59,0.3429
19-Oct-20,17:59:59,0.112
19-Oct-20,18:59:59,-0.1439
19-Oct-20,19:59:59,-0.3596
19-Oct-20,20:59:59,-0.4834
19-Oct-20,21:59:59,-0.4883
19-Oct-20,22:59:59,-0.3764
19-Oct-20,23:59:59,-0.176
20-Oct-20,0:59:59,0.0639
20-Oct-20,1:59:59,0.2846
20-Oct-20,2:59:59,0.4302
20-Oct-20,3:59:59,0.463
20-Oct-20,4:59:59,0.3748
20-Oct-20,5:59:59,0.1904
20-Oct-20,6:59:59,-0.0394
20-Oct-20,7:59:59,-0.2535
20-Oct-20,8:59:59,-0.3983
20-Oct-20,9:59:59,-0.4402
20-Oct-20,10:59:59,-0.3722
20-Oct-20,11:59:59,-0.2129
20-Oct-20,12:59:59,-0.0012
20-Oct-20,13:59:59,0.211
20-Oct-20,14:59:59,0.3706
20-Oct-20,15:59:59,0.4356
20-Oct-20,16:59:59,0.3878
20-Oct-20,17:59:59,0.2398
20-Oct-20,18:59:59,0.0313
20-Oct-20,19:59:59,-0.1823
20-Oct-20,20:59:59,-0.3472
20-Oct-20,21:59:59,-0.4246
20-Oct-20,22:59:59,-0.3994
20-Oct-20,23:59:59,-0.2803
21-Oct-20,0:59:59,-0.0966
21-Oct-20,1:59:59,0.1081
21-Oct-20,2:59:59,0.2843
21-Oct-20,3:59:59,0.3882
21-Oct-20,4:59:59,0.393
21-Oct-20,5:59:59,0.2983
21-Oct-20,6:59:59,0.1308
21-Oct-20,7:59:59,-0.0636
21-Oct-20,8:59:59,-0.2342
21-Oct-20,9:59:59,-0.3398
21-Oct-20,10:59:59,-0.3581
21-Oct-20,11:59:59,-0.2889
21-Oct-20,12:59:59,-0.151
21-Oct-20,13:59:59,0.0218
21-Oct-20,14:59:59,0.1875
21-Oct-20,15:59:59,0.3043
21-Oct-20,16:59:59,0.3412
21-Oct-20,17:59:59,0.2876
21-Oct-20,18:59:59,0.1579
21-Oct-20,19:59:59,-0.0125
21-Oct-20,20:59:59,-0.1782
21-Oct-20,21:59:59,-0.2978
21-Oct-20,22:59:59,-0.3444
21-Oct-20,23:59:59,-0.31
22-Oct-20,0:59:59,-0.2045
22-Oct-20,1:59:59,-0.0526
22-Oct-20,2:59:59,0.1112
22-Oct-20,3:59:59,0.2486
22-Oct-20,4:59:59,0.3256
22-Oct-20,5:59:59,0.3229
22-Oct-20,6:59:59,0.2421
22-Oct-20,7:59:59,0.1062
22-Oct-20,8:59:59,-0.0478
22-Oct-20,9:59:59,-0.1807
22-Oct-20,10:59:59,-0.2623
22-Oct-20,11:59:59,-0.2776
22-Oct-20,12:59:59,-0.227
22-Oct-20,13:59:59,-0.1248
22-Oct-20,14:59:59,0.0046
22-Oct-20,15:59:59,0.13
22-Oct-20,16:59:59,0.2195
22-Oct-20,17:59:59,0.2488
22-Oct-20,18:59:59,0.2095
22-Oct-20,19:59:59,0.1125
22-Oct-20,20:59:59,-0.0149
22-Oct-20,21:59:59,-0.1388
22-Oct-20,22:59:59,-0.2287
22-Oct-20,23:59:59,-0.265
23-Oct-20,0:59:59,-0.2414
23-Oct-20,1:59:59,-0.1639
23-Oct-20,2:59:59,-0.0485
23-Oct-20,3:59:59,0.0803
23-Oct-20,4:59:59,0.1934
23-Oct-20,5:59:59,0.2633
23-Oct-20,6:59:59,0.2722
23-Oct-20,7:59:59,0.2188
23-Oct-20,8:59:59,0.1188
23-Oct-20,9:59:59,-0.0009
23-Oct-20,10:59:59,-0.1111
23-Oct-20,11:59:59,-0.1885
23-Oct-20,12:59:59,-0.2195
23-Oct-20,13:59:59,-0.2004
23-Oct-20,14:59:59,-0.137
23-Oct-20,15:59:59,-0.0437
23-Oct-20,16:59:59,0.0571
23-Oct-20,17:59:59,0.1394
23-Oct-20,18:59:59,0.1805
23-Oct-20,19:59:59,0.1688
23-Oct-20,20:59:59,0.1083
23-Oct-20,21:59:59,0.0168
23-Oct-20,22:59:59,-0.081
23-Oct-20,23:59:59,-0.1615
24-Oct-20,0:59:59,-0.2071
24-Oct-20,1:59:59,-0.208
24-Oct-20,2:59:59,-0.1624
24-Oct-20,3:59:59,-0.0771
24-Oct-20,4:59:59,0.0317
24-Oct-20,5:59:59,0.1399
24-Oct-20,6:59:59,0.2208
24-Oct-20,7:59:59,0.2538
24-Oct-20,8:59:59,0.231
24-Oct-20,9:59:59,0.1598
24-Oct-20,10:59:59,0.059
24-Oct-20,11:59:59,-0.0481
24-Oct-20,12:59:59,-0.1394
24-Oct-20,13:59:59,-0.1978
24-Oct-20,14:59:59,-0.2122
24-Oct-20,15:59:59,-0.1792
24-Oct-20,16:59:59,-0.1054
24-Oct-20,17:59:59,-0.0085
24-Oct-20,18:59:59,0.0857
24-Oct-20,19:59:59,0.1511
24-Oct-20,20:59:59,0.1697
24-Oct-20,21:59:59,0.138
24-Oct-20,22:59:59,0.0662
24-Oct-20,23:59:59,-0.0261
25-Oct-20,0:59:59,-0.1167
25-Oct-20,1:59:59,-0.1846
25-Oct-20,2:59:59,-0.2132
25-Oct-20,3:59:59,-0.1923
25-Oct-20,4:59:59,-0.1216
25-Oct-20,5:59:59,-0.0135
25-Oct-20,6:59:59,0.1076
25-Oct-20,7:59:59,0.2111
25-Oct-20,8:59:59,0.2701
25-Oct-20,9:59:59,0.2697
25-Oct-20,10:59:59,0.2112
25-Oct-20,11:59:59,0.1095
25-Oct-20,12:59:59,-0.0123
25-Oct-20,13:59:59,-0.1288
25-Oct-20,14:59:59,-0.2158
25-Oct-20,15:59:59,-0.2543
25-Oct-20,16:59:59,-0.2339
25-Oct-20,17:59:59,-0.1582
25-Oct-20,18:59:59,-0.0459
25-Oct-20,19:59:59,0.0726
25-Oct-20,20:59:59,0.1644
25-Oct-20,21:59:59,0.205
25-Oct-20,22:59:59,0.1851
25-Oct-20,23:59:59,0.1121
26-Oct-20,0:59:59,0.0059
26-Oct-20,1:59:59,-0.1074
26-Oct-20,2:59:59,-0.2004
26-Oct-20,3:59:59,-0.2489
26-Oct-20,4:59:59,-0.2367
26-Oct-20,5:59:59,-0.1608
26-Oct-20,6:59:59,-0.0355
26-Oct-20,7:59:59,0.1096
26-Oct-20,8:59:59,0.2369
26-Oct-20,9:59:59,0.3126
26-Oct-20,10:59:59,0.3176
26-Oct-20,11:59:59,0.2513
26-Oct-20,12:59:59,0.1305
26-Oct-20,13:59:59,-0.0173
26-Oct-20,14:59:59,-0.1598
26-Oct-20,15:59:59,-0.2654
26-Oct-20,16:59:59,-0.3094
26-Oct-20,17:59:59,-0.2796
26-Oct-20,18:59:59,-0.182
26-Oct-20,19:59:59,-0.0417
26-Oct-20,20:59:59,0.1032
26-Oct-20,21:59:59,0.2126
26-Oct-20,22:59:59,0.2577
26-Oct-20,23:59:59,0.2284
27-Oct-20,0:59:59,0.1348
27-Oct-20,1:59:59,0.002
27-Oct-20,2:59:59,-0.1366
27-Oct-20,3:59:59,-0.2465
27-Oct-20,4:59:59,-0.2983
27-Oct-20,5:59:59,-0.2744
27-Oct-20,6:59:59,-0.1751
27-Oct-20,7:59:59,-0.0213
27-Oct-20,8:59:59,0.1487
27-Oct-20,9:59:59,0.2898
27-Oct-20,10:59:59,0.3645
27-Oct-20,11:59:59,0.3536
27-Oct-20,12:59:59,0.2607
27-Oct-20,13:59:59,0.1091
27-Oct-20,14:59:59,-0.0656
27-Oct-20,15:59:59,-0.2238
27-Oct-20,16:59:59,-0.3292
27-Oct-20,17:59:59,-0.3561
27-Oct-20,18:59:59,-0.2964
27-Oct-20,19:59:59,-0.164
27-Oct-20,20:59:59,0.0067
27-Oct-20,21:59:59,0.1689
27-Oct-20,22:59:59,0.2784
27-Oct-20,23:59:59,0.3065
28-Oct-20,0:59:59,0.2482
28-Oct-20,1:59:59,0.1212
28-Oct-20,2:59:59,-0.0405
28-Oct-20,3:59:59,-0.196
28-Oct-20,4:59:59,-0.3059
28-Oct-20,5:59:59,-0.3403
28-Oct-20,6:59:59,-0.286
28-Oct-20,7:59:59,-0.1515
28-Oct-20,8:59:59,0.0317
28-Oct-20,9:59:59,0.2165
28-Oct-20,10:59:59,0.3533
28-Oct-20,11:59:59,0.4052
28-Oct-20,12:59:59,0.359
28-Oct-20,13:59:59,0.2275
28-Oct-20,14:59:59,0.0439
28-Oct-20,15:59:59,-0.1479
28-Oct-20,16:59:59,-0.3033
28-Oct-20,17:59:59,-0.3859
28-Oct-20,18:59:59,-0.375
28-Oct-20,19:59:59,-0.272
28-Oct-20,20:59:59,-0.102
28-Oct-20,21:59:59,0.0902
28-Oct-20,22:59:59,0.2523
28-Oct-20,23:59:59,0.3402
29-Oct-20,0:59:59,0.3315
29-Oct-20,1:59:59,0.2314
29-Oct-20,2:59:59,0.0686
29-Oct-20,3:59:59,-0.1136
29-Oct-20,4:59:59,-0.269
29-Oct-20,5:59:59,-0.358
29-Oct-20,6:59:59,-0.3559
29-Oct-20,7:59:59,-0.259
29-Oct-20,8:59:59,-0.088
29-Oct-20,9:59:59,0.115
29-Oct-20,10:59:59,0.2965
29-Oct-20,11:59:59,0.407
29-Oct-20,12:59:59,0.4163
29-Oct-20,13:59:59,0.3225
29-Oct-20,14:59:59,0.1507
29-Oct-20,15:59:59,-0.0555
29-Oct-20,16:59:59,-0.2461
29-Oct-20,17:59:59,-0.3764
29-Oct-20,18:59:59,-0.4157
29-Oct-20,19:59:59,-0.3536
29-Oct-20,20:59:59,-0.2044
29-Oct-20,21:59:59,-0.0054
29-Oct-20,22:59:59,0.191
29-Oct-20,23:59:59,0.3313
30-Oct-20,0:59:59,0.3778
30-Oct-20,1:59:59,0.3197
30-Oct-20,2:59:59,0.1752
30-Oct-20,3:59:59,-0.015
30-Oct-20,4:59:59,-0.2008
30-Oct-20,5:59:59,-0.3352
30-Oct-20,6:59:59,-0.3841
30-Oct-20,7:59:59,-0.3332
30-Oct-20,8:59:59,-0.1919
30-Oct-20,9:59:59,0.0065
30-Oct-20,10:59:59,0.2115
30-Oct-20,11:59:59,0.3681
30-Oct-20,12:59:59,0.4327
30-Oct-20,13:59:59,0.3871
30-Oct-20,14:59:59,0.2437
30-Oct-20,15:59:59,0.0407
30-Oct-20,16:59:59,-0.1703
30-Oct-20,17:59:59,-0.338
30-Oct-20,18:59:59,-0.4232
30-Oct-20,19:59:59,-0.4059
30-Oct-20,20:59:59,-0.2898
30-Oct-20,21:59:59,-0.1028
30-Oct-20,22:59:59,0.1081
30-Oct-20,23:59:59,0.2872
31-Oct-20,0:59:59,0.3861
31-Oct-20,1:59:59,0.3784
31-Oct-20,2:59:59,0.2682
31-Oct-20,3:59:59,0.0877
31-Oct-20,4:59:59,-0.1131
31-Oct-20,5:59:59,-0.282
31-Oct-20,6:59:59,-0.3764
31-Oct-20,7:59:59,-0.373
31-Oct-20,8:59:59,-0.2711
31-Oct-20,9:59:59,-0.0941
31-Oct-20,10:59:59,0.1145
31-Oct-20,11:59:59,0.3006
31-Oct-20,12:59:59,0.4129
31-Oct-20,13:59:59,0.4193
31-Oct-20,14:59:59,0.3169
31-Oct-20,15:59:59,0.1331
31-Oct-20,16:59:59,-0.0836
31-Oct-20,17:59:59,-0.278
31-Oct-20,18:59:59,-0.4033
31-Oct-20,19:59:59,-0.4306
31-Oct-20,20:59:59,-0.3544
31-Oct-20,21:59:59,-0.1927
31-Oct-20,22:59:59,0.0151
31-Oct-20,23:59:59,0.2168
1-Nov-20,0:59:59,0.3591
1-Nov-20,1:59:59,0.4037
1-Nov-20,2:59:59,0.3392
1-Nov-20,3:59:59,0.1851
1-Nov-20,4:59:59,-0.0147
1-Nov-20,5:59:59,-0.2058
1-Nov-20,6:59:59,-0.3389
1-Nov-20,7:59:59,-0.3815
1-Nov-20,8:59:59,-0.3237
1-Nov-20,9:59:59,-0.1794
1-Nov-20,10:59:59,0.0165
1-Nov-20,11:59:59,0.215
1-Nov-20,12:59:59,0.3632
1-Nov-20,13:59:59,0.4196
1-Nov-20,14:59:59,0.3663
1-Nov-20,15:59:59,0.2162
1-Nov-20,16:59:59,0.0095
1-Nov-20,17:59:59,-0.1996
1-Nov-20,18:59:59,-0.3582
1-Nov-20,19:59:59,-0.4288
1-Nov-20,20:59:59,-0.3963
1-Nov-20,21:59:59,-0.2697
1-Nov-20,22:59:59,-0.0795
1-Nov-20,23:59:59,0.1282
2-Nov-20,0:59:59,0.3011
2-Nov-20,1:59:59,0.3939
2-Nov-20,2:59:59,0.3817
2-Nov-20,3:59:59,0.2685
2-Nov-20,4:59:59,0.087
2-Nov-20,5:59:59,-0.112
2-Nov-20,6:59:59,-0.275
2-Nov-20,7:59:59,-0.3608
2-Nov-20,8:59:59,-0.3498
2-Nov-20,9:59:59,-0.2462
2-Nov-20,10:59:59,-0.0761
2-Nov-20,11:59:59,0.1187
2-Nov-20,12:59:59,0.2886
2-Nov-20,13:59:59,0.3877
2-Nov-20,14:59:59,0.3868
2-Nov-20,15:59:59,0.2833
2-Nov-20,16:59:59,0.1034
2-Nov-20,17:59:59,-0.105
2-Nov-20,18:59:59,-0.2873
2-Nov-20,19:59:59,-0.3981
2-Nov-20,20:59:59,-0.4122
2-Nov-20,21:59:59,-0.3286
2-Nov-20,22:59:59,-0.1688
2-Nov-20,23:59:59,0.029
3-Nov-20,0:59:59,0.2171
3-Nov-20,1:59:59,0.3487
3-Nov-20,2:59:59,0.3894
3-Nov-20,3:59:59,0.3284
3-Nov-20,4:59:59,0.1828
3-Nov-20,5:59:59,-0.0062
3-Nov-20,6:59:59,-0.1861
3-Nov-20,7:59:59,-0.3096
3-Nov-20,8:59:59,-0.3467
3-Nov-20,9:59:59,-0.2909
3-Nov-20,10:59:59,-0.1583
3-Nov-20,11:59:59,0.0176
3-Nov-20,12:59:59,0.1932
3-Nov-20,13:59:59,0.3235
3-Nov-20,14:59:59,0.3725
3-Nov-20,15:59:59,0.324
3-Nov-20,16:59:59,0.188
3-Nov-20,17:59:59,-0.0002
3-Nov-20,18:59:59,-0.1908
3-Nov-20,19:59:59,-0.3341
3-Nov-20,20:59:59,-0.3952
3-Nov-20,21:59:59,-0.3617
3-Nov-20,22:59:59,-0.2444
3-Nov-20,23:59:59,-0.0723
4-Nov-20,0:59:59,0.1138
4-Nov-20,1:59:59,0.2698
4-Nov-20,2:59:59,0.3575
4-Nov-20,3:59:59,0.354
4-Nov-20,4:59:59,0.2602
4-Nov-20,5:59:59,0.1021
4-Nov-20,6:59:59,-0.0761
4-Nov-20,7:59:59,-0.2257
4-Nov-20,8:59:59,-0.3083
4-Nov-20,9:59:59,-0.3056
4-Nov-20,10:59:59,-0.222
4-Nov-20,11:59:59,-0.0806
4-Nov-20,12:59:59,0.0829
4-Nov-20,13:59:59,0.2283
4-Nov-20,14:59:59,0.3179
4-Nov-20,15:59:59,0.3264
4-Nov-20,16:59:59,0.2481
4-Nov-20,17:59:59,0.1013
4-Nov-20,18:59:59,-0.0757
4-Nov-20,19:59:59,-0.2359
4-Nov-20,20:59:59,-0.3381
4-Nov-20,21:59:59,-0.3582
4-Nov-20,22:59:59,-0.2942
4-Nov-20,23:59:59,-0.1639
5-Nov-20,0:59:59,0.0011
5-Nov-20,1:59:59,0.1631
5-Nov-20,2:59:59,0.2844
5-Nov-20,3:59:59,0.3357
5-Nov-20,4:59:59,0.3039
5-Nov-20,5:59:59,0.1971
5-Nov-20,6:59:59,0.0446
5-Nov-20,7:59:59,-0.1114
5-Nov-20,8:59:59,-0.2292
5-Nov-20,9:59:59,-0.2799
5-Nov-20,10:59:59,-0.2544
5-Nov-20,11:59:59,-0.1632
5-Nov-20,12:59:59,-0.0313
5-Nov-20,13:59:59,0.1087
5-Nov-20,14:59:59,0.2225
5-Nov-20,15:59:59,0.2809
5-Nov-20,16:59:59,0.2663
5-Nov-20,17:59:59,0.1795
5-Nov-20,18:59:59,0.0414
5-Nov-20,19:59:59,-0.1116
5-Nov-20,20:59:59,-0.239
5-Nov-20,21:59:59,-0.3082
5-Nov-20,22:59:59,-0.3039
5-Nov-20,23:59:59,-0.23
6-Nov-20,0:59:59,-0.1058
6-Nov-20,1:59:59,0.0399
6-Nov-20,2:59:59,0.1749
6-Nov-20,3:59:59,0.2689
6-Nov-20,4:59:59,0.2995
6-Nov-20,5:59:59,0.2586
6-Nov-20,6:59:59,0.1567
6-Nov-20,7:59:59,0.0213
6-Nov-20,8:59:59,-0.1108
6-Nov-20,9:59:59,-0.2053
6-Nov-20,10:59:59,-0.2406
6-Nov-20,11:59:59,-0.2124
6-Nov-20,12:59:59,-0.1319
6-Nov-20,13:59:59,-0.0208
6-Nov-20,14:59:59,0.0941
6-Nov-20,15:59:59,0.1852
6-Nov-20,16:59:59,0.2291
6-Nov-20,17:59:59,0.2122
6-Nov-20,18:59:59,0.136
6-Nov-20,19:59:59,0.0193
6-Nov-20,20:59:59,-0.107
6-Nov-20,21:59:59,-0.2091
6-Nov-20,22:59:59,-0.2613
6-Nov-20,23:59:59,-0.2527
7-Nov-20,0:59:59,-0.1875
7-Nov-20,1:59:59,-0.0817
7-Nov-20,2:59:59,0.0419
7-Nov-20,3:59:59,0.1572
7-Nov-20,4:59:59,0.2391
7-Nov-20,5:59:59,0.2679
7-Nov-20,6:59:59,0.2355
7-Nov-20,7:59:59,0.1497
7-Nov-20,8:59:59,0.0333
7-Nov-20,9:59:59,-0.0828
7-Nov-20,10:59:59,-0.1697
7-Nov-20,11:59:59,-0.2091
7-Nov-20,12:59:59,-0.196
7-Nov-20,13:59:59,-0.1375
7-Nov-20,14:59:59,-0.049
7-Nov-20,15:59:59,0.049
7-Nov-20,16:59:59,0.1336
7-Nov-20,17:59:59,0.1829
7-Nov-20,18:59:59,0.1818
7-Nov-20,19:59:59,0.1283
7-Nov-20,20:59:59,0.0356
7-Nov-20,21:59:59,-0.0711
7-Nov-20,22:59:59,-0.1633
7-Nov-20,23:59:59,-0.2178
8-Nov-20,0:59:59,-0.2227
8-Nov-20,1:59:59,-0.1781
8-Nov-20,2:59:59,-0.0933
8-Nov-20,3:59:59,0.0151
8-Nov-20,4:59:59,0.1255
8-Nov-20,5:59:59,0.2136
8-Nov-20,6:59:59,0.2574
8-Nov-20,7:59:59,0.2444
8-Nov-20,8:59:59,0.1767
8-Nov-20,9:59:59,0.072
8-Nov-20,10:59:59,-0.0431
8-Nov-20,11:59:59,-0.1412
8-Nov-20,12:59:59,-0.2016
8-Nov-20,13:59:59,-0.2145
8-Nov-20,14:59:59,-0.1796
8-Nov-20,15:59:59,-0.1057
8-Nov-20,16:59:59,-0.0089
8-Nov-20,17:59:59,0.0881
8-Nov-20,18:59:59,0.16
8-Nov-20,19:59:59,0.186
8-Nov-20,20:59:59,0.1574
8-Nov-20,21:59:59,0.0814
8-Nov-20,22:59:59,-0.0207
8-Nov-20,23:59:59,-0.1214
9-Nov-20,0:59:59,-0.1954
9-Nov-20,1:59:59,-0.2253
9-Nov-20,2:59:59,-0.2035
9-Nov-20,3:59:59,-0.1327
9-Nov-20,4:59:59,-0.025
9-Nov-20,5:59:59,0.0982
9-Nov-20,6:59:59,0.2085
9-Nov-20,7:59:59,0.2775
9-Nov-20,8:59:59,0.2854
9-Nov-20,9:59:59,0.2285
9-Nov-20,10:59:59,0.1209
9-Nov-20,11:59:59,-0.0107
9-Nov-20,12:59:59,-0.1357
9-Nov-20,13:59:59,-0.2272
9-Nov-20,14:59:59,-0.267
9-Nov-20,15:59:59,-0.2475
9-Nov-20,16:59:59,-0.1728
9-Nov-20,17:59:59,-0.059
9-Nov-20,18:59:59,0.0667
9-Nov-20,19:59:59,0.1714
9-Nov-20,20:59:59,0.2257
9-Nov-20,21:59:59,0.2141
9-Nov-20,22:59:59,0.14
9-Nov-20,23:59:59,0.0245
10-Nov-20,0:59:59,-0.1012
10-Nov-20,1:59:59,-0.2051
10-Nov-20,2:59:59,-0.2617
10-Nov-20,3:59:59,-0.2556
10-Nov-20,4:59:59,-0.1845
10-Nov-20,5:59:59,-0.0602
10-Nov-20,6:59:59,0.0911
10-Nov-20,7:59:59,0.233
10-Nov-20,8:59:59,0.328
10-Nov-20,9:59:59,0.349
10-Nov-20,10:59:59,0.2885
10-Nov-20,11:59:59,0.1612
10-Nov-20,12:59:59,-0.0019
10-Nov-20,13:59:59,-0.1625
10-Nov-20,14:59:59,-0.2849
10-Nov-20,15:59:59,-0.3428
10-Nov-20,16:59:59,-0.3232
10-Nov-20,17:59:59,-0.2297
10-Nov-20,18:59:59,-0.0831
10-Nov-20,19:59:59,0.0806
10-Nov-20,20:59:59,0.2182
10-Nov-20,21:59:59,0.2921
10-Nov-20,22:59:59,0.2822
10-Nov-20,23:59:59,0.192
11-Nov-20,0:59:59,0.0473
11-Nov-20,1:59:59,-0.113
11-Nov-20,2:59:59,-0.248
11-Nov-20,3:59:59,-0.3234
11-Nov-20,4:59:59,-0.3186
11-Nov-20,5:59:59,-0.2303
11-Nov-20,6:59:59,-0.0747
11-Nov-20,7:59:59,0.1132
11-Nov-20,8:59:59,0.2865
11-Nov-20,9:59:59,0.3988
11-Nov-20,10:59:59,0.4181
11-Nov-20,11:59:59,0.3374
11-Nov-20,12:59:59,0.1761
11-Nov-20,13:59:59,-0.026
11-Nov-20,14:59:59,-0.221
11-Nov-20,15:59:59,-0.3646
11-Nov-20,16:59:59,-0.4243
11-Nov-20,17:59:59,-0.3864
11-Nov-20,18:59:59,-0.2584
11-Nov-20,19:59:59,-0.0703
11-Nov-20,20:59:59,0.1307
11-Nov-20,21:59:59,0.2918
11-Nov-20,22:59:59,0.3693
11-Nov-20,23:59:59,0.3427
12-Nov-20,0:59:59,0.2208
12-Nov-20,1:59:59,0.0377
12-Nov-20,2:59:59,-0.1577
12-Nov-20,3:59:59,-0.3152
12-Nov-20,4:59:59,-0.3948
12-Nov-20,5:59:59,-0.3742
12-Nov-20,6:59:59,-0.2541
12-Nov-20,7:59:59,-0.0593
12-Nov-20,8:59:59,0.1642
12-Nov-20,9:59:59,0.3593
12-Nov-20,10:59:59,0.4733
12-Nov-20,11:59:59,0.4736
12-Nov-20,12:59:59,0.3584
12-Nov-20,13:59:59,0.1561
12-Nov-20,14:59:59,-0.0829
12-Nov-20,15:59:59,-0.3016
12-Nov-20,16:59:59,-0.4491
12-Nov-20,17:59:59,-0.4918
12-Nov-20,18:59:59,-0.4194
12-Nov-20,19:59:59,-0.2483
12-Nov-20,20:59:59,-0.0196
12-Nov-20,21:59:59,0.2086
12-Nov-20,22:59:59,0.3762
12-Nov-20,23:59:59,0.4384
13-Nov-20,0:59:59,0.3792
13-Nov-20,1:59:59,0.2164
13-Nov-20,2:59:59,-0.0048
13-Nov-20,3:59:59,-0.2261
13-Nov-20,4:59:59,-0.3909
13-Nov-20,5:59:59,-0.4571
13-Nov-20,6:59:59,-0.406
13-Nov-20,7:59:59,-0.2463
13-Nov-20,8:59:59,-0.0138
13-Nov-20,9:59:59,0.2348
13-Nov-20,10:59:59,0.4351
13-Nov-20,11:59:59,0.5324
13-Nov-20,12:59:59,0.499
13-Nov-20,13:59:59,0.3419
13-Nov-20,14:59:59,0.1011
13-Nov-20,15:59:59,-0.1634
13-Nov-20,16:59:59,-0.3876
13-Nov-20,17:59:59,-0.5193
13-Nov-20,18:59:59,-0.5282
13-Nov-20,19:59:59,-0.4122
13-Nov-20,20:59:59,-0.1987
13-Nov-20,21:59:59,0.0601
13-Nov-20,22:59:59,0.2982
13-Nov-20,23:59:59,0.4528
14-Nov-20,0:59:59,0.4829
14-Nov-20,1:59:59,0.3817
14-Nov-20,2:59:59,0.1784
14-Nov-20,3:59:59,-0.0715
14-Nov-20,4:59:59,-0.3027
14-Nov-20,5:59:59,-0.4564
14-Nov-20,6:59:59,-0.494
14-Nov-20,7:59:59,-0.4044
14-Nov-20,8:59:59,-0.2066
14-Nov-20,9:59:59,0.0528
14-Nov-20,10:59:59,0.3092
14-Nov-20,11:59:59,0.4953
14-Nov-20,12:59:59,0.5602
14-Nov-20,13:59:59,0.4848
14-Nov-20,14:59:59,0.2879
14-Nov-20,15:59:59,0.0202
14-Nov-20,16:59:59,-0.2512
14-Nov-20,17:59:59,-0.4605
14-Nov-20,18:59:59,-0.5589
14-Nov-20,19:59:59,-0.5241
14-Nov-20,20:59:59,-0.3647
14-Nov-20,21:59:59,-0.1189
14-Nov-20,22:59:59,0.1527
14-Nov-20,23:59:59,0.3805
15-Nov-20,0:59:59,0.5047
15-Nov-20,1:59:59,0.4929
15-Nov-20,2:59:59,0.3496
15-Nov-20,3:59:59,0.1154
15-Nov-20,4:59:59,-0.1468
15-Nov-20,5:59:59,-0.3689
15-Nov-20,6:59:59,-0.4957
15-Nov-20,7:59:59,-0.4959
15-Nov-20,8:59:59,-0.3687
15-Nov-20,9:59:59,-0.1435
15-Nov-20,10:59:59,0.1253
15-Nov-20,11:59:59,0.3695
15-Nov-20,12:59:59,0.5246
15-Nov-20,13:59:59,0.5477
15-Nov-20,14:59:59,0.4314
15-Nov-20,15:59:59,0.2058
15-Nov-20,16:59:59,-0.0705
15-Nov-20,17:59:59,-0.328
15-Nov-20,18:59:59,-0.5044
15-Nov-20,19:59:59,-0.5588
15-Nov-20,20:59:59,-0.4797
15-Nov-20,21:59:59,-0.2863
15-Nov-20,22:59:59,-0.0252
15-Nov-20,23:59:59,0.239
16-Nov-20,0:59:59,0.4389
16-Nov-20,1:59:59,0.5221
16-Nov-20,2:59:59,0.4673
16-Nov-20,3:59:59,0.2911
16-Nov-20,4:59:59,0.0423
16-Nov-20,5:59:59,-0.2128
16-Nov-20,6:59:59,-0.4093
16-Nov-20,7:59:59,-0.4995
16-Nov-20,8:59:59,-0.4624
16-Nov-20,9:59:59,-0.3073
16-Nov-20,10:59:59,-0.0716
16-Nov-20,11:59:59,0.1866
16-Nov-20,12:59:59,0.4012
16-Nov-20,13:59:59,0.5149
16-Nov-20,14:59:59,0.496
16-Nov-20,15:59:59,0.3486
16-Nov-20,16:59:59,0.1118
16-Nov-20,17:59:59,-0.1526
16-Nov-20,18:59:59,-0.378
16-Nov-20,19:59:59,-0.5103
16-Nov-20,20:59:59,-0.5194
16-Nov-20,21:59:59,-0.4045
16-Nov-20,22:59:59,-0.1934
16-Nov-20,23:59:59,0.0633
17-Nov-20,0:59:59,0.3024
17-Nov-20,1:59:59,0.463
17-Nov-20,2:59:59,0.5035
17-Nov-20,3:59:59,0.4141
17-Nov-20,4:59:59,0.2208
17-Nov-20,5:59:59,-0.0235
17-Nov-20,6:59:59,-0.2546
17-Nov-20,7:59:59,-0.4151
17-Nov-20,8:59:59,-0.4676
17-Nov-20,9:59:59,-0.4019
17-Nov-20,10:59:59,-0.235
17-Nov-20,11:59:59,-0.008
17-Nov-20,12:59:59,0.2223
17-Nov-20,13:59:59,0.3965
17-Nov-20,14:59:59,0.4675
17-Nov-20,15:59:59,0.4152
17-Nov-20,16:59:59,0.253
17-Nov-20,17:59:59,0.0246
17-Nov-20,18:59:59,-0.2102
17-Nov-20,19:59:59,-0.3923
17-Nov-20,20:59:59,-0.4785
17-Nov-20,21:59:59,-0.4501
17-Nov-20,22:59:59,-0.3149
17-Nov-20,23:59:59,-0.105
18-Nov-20,0:59:59,0.13
18-Nov-20,1:59:59,0.3325
18-Nov-20,2:59:59,0.4515
18-Nov-20,3:59:59,0.4565
18-Nov-20,4:59:59,0.3474
18-Nov-20,5:59:59,0.1553
18-Nov-20,6:59:59,-0.0676
18-Nov-20,7:59:59,-0.264
18-Nov-20,8:59:59,-0.3866
18-Nov-20,9:59:59,-0.409
18-Nov-20,10:59:59,-0.3293
18-Nov-20,11:59:59,-0.1686
18-Nov-20,12:59:59,0.0331
18-Nov-20,13:59:59,0.225
18-Nov-20,14:59:59,0.357
18-Nov-20,15:59:59,0.3928
18-Nov-20,16:59:59,0.322
18-Nov-20,17:59:59,0.1634
18-Nov-20,18:59:59,-0.0397
18-Nov-20,19:59:59,-0.2339
18-Nov-20,20:59:59,-0.3706
18-Nov-20,21:59:59,-0.4181
18-Nov-20,22:59:59,-0.3668
18-Nov-20,23:59:59,-0.2294
19-Nov-20,0:59:59,-0.0374
19-Nov-20,1:59:59,0.1647
19-Nov-20,2:59:59,0.328
19-Nov-20,3:59:59,0.4118
19-Nov-20,4:59:59,0.395
19-Nov-20,5:59:59,0.2834
19-Nov-20,6:59:59,0.1087
19-Nov-20,7:59:59,-0.0823
19-Nov-20,8:59:59,-0.2417
19-Nov-20,9:59:59,-0.333
19-Nov-20,10:59:59,-0.3389
19-Nov-20,11:59:59,-0.2618
19-Nov-20,12:59:59,-0.1225
19-Nov-20,13:59:59,0.0442
19-Nov-20,14:59:59,0.1961
19-Nov-20,15:59:59,0.2929
19-Nov-20,16:59:59,0.3076
19-Nov-20,17:59:59,0.2354
19-Nov-20,18:59:59,0.0963
19-Nov-20,19:59:59,-0.0713
19-Nov-20,20:59:59,-0.2232
19-Nov-20,21:59:59,-0.3218
19-Nov-20,22:59:59,-0.3447
19-Nov-20,23:59:59,-0.2877
20-Nov-20,0:59:59,-0.1639
20-Nov-20,1:59:59,-0.0003
20-Nov-20,2:59:59,0.1663
20-Nov-20,3:59:59,0.2964
20-Nov-20,4:59:59,0.3578
20-Nov-20,5:59:59,0.3352
20-Nov-20,6:59:59,0.2362
20-Nov-20,7:59:59,0.0886
20-Nov-20,8:59:59,-0.0685
20-Nov-20,9:59:59,-0.1971
20-Nov-20,10:59:59,-0.2699
20-Nov-20,11:59:59,-0.2746
20-Nov-20,12:59:59,-0.2142
20-Nov-20,13:59:59,-0.1048
20-Nov-20,14:59:59,0.0262
20-Nov-20,15:59:59,0.1454
20-Nov-20,16:59:59,0.2206
20-Nov-20,17:59:59,0.2304
20-Nov-20,18:59:59,0.1717
20-Nov-20,19:59:59,0.0613
20-Nov-20,20:59:59,-0.0697
20-Nov-20,21:59:59,-0.1865
20-Nov-20,22:59:59,-0.2606
20-Nov-20,23:59:59,-0.2755
21-Nov-20,0:59:59,-0.2281
21-Nov-20,1:59:59,-0.1277
21-Nov-20,2:59:59,0.0054
21-Nov-20,3:59:59,0.1426
21-Nov-20,4:59:59,0.2516
21-Nov-20,5:59:59,0.3056
21-Nov-20,6:59:59,0.291
21-Nov-20,7:59:59,0.2133
21-Nov-20,8:59:59,0.0942
21-Nov-20,9:59:59,-0.0354
21-Nov-20,10:59:59,-0.1457
21-Nov-20,11:59:59,-0.2147
21-Nov-20,12:59:59,-0.2312
21-Nov-20,13:59:59,-0.1947
21-Nov-20,14:59:59,-0.1149
21-Nov-20,15:59:59,-0.0116
21-Nov-20,16:59:59,0.0888
21-Nov-20,17:59:59,0.1584
21-Nov-20,18:59:59,0.1773
21-Nov-20,19:59:59,0.1404
21-Nov-20,20:59:59,0.0592
21-Nov-20,21:59:59,-0.0427
21-Nov-20,22:59:59,-0.1382
21-Nov-20,23:59:59,-0.2042
22-Nov-20,0:59:59,-0.2258
22-Nov-20,1:59:59,-0.197
22-Nov-20,2:59:59,-0.1214
22-Nov-20,3:59:59,-0.0123
22-Nov-20,4:59:59,0.1076
22-Nov-20,5:59:59,0.2101
22-Nov-20,6:59:59,0.2694
22-Nov-20,7:59:59,0.2705
22-Nov-20,8:59:59,0.2143
22-Nov-20,9:59:59,0.1167
22-Nov-20,10:59:59,0.002
22-Nov-20,11:59:59,-0.1046
22-Nov-20,12:59:59,-0.1822
22-Nov-20,13:59:59,-0.217
22-Nov-20,14:59:59,-0.2032
22-Nov-20,15:59:59,-0.1441
22-Nov-20,16:59:59,-0.054
22-Nov-20,17:59:59,0.0435
22-Nov-20,18:59:59,0.1212
22-Nov-20,19:59:59,0.1572
22-Nov-20,20:59:59,0.142
22-Nov-20,21:59:59,0.0821
22-Nov-20,22:59:59,-0.0046
22-Nov-20,23:59:59,-0.095
23-Nov-20,0:59:59,-0.1672
23-Nov-20,1:59:59,-0.2039
23-Nov-20,2:59:59,-0.1945
23-Nov-20,3:59:59,-0.1368
23-Nov-20,4:59:59,-0.0393
23-Nov-20,5:59:59,0.0777
23-Nov-20,6:59:59,0.186
23-Nov-20,7:59:59,0.2575
23-Nov-20,8:59:59,0.2737
23-Nov-20,9:59:59,0.2311
23-Nov-20,10:59:59,0.1417
23-Nov-20,11:59:59,0.0271
23-Nov-20,12:59:59,-0.0881
23-Nov-20,13:59:59,-0.1805
23-Nov-20,14:59:59,-0.232
23-Nov-20,15:59:59,-0.2312
23-Nov-20,16:59:59,-0.1778
23-Nov-20,17:59:59,-0.0844
23-Nov-20,18:59:59,0.0242
23-Nov-20,19:59:59,0.1178
23-Nov-20,20:59:59,0.1703
23-Nov-20,21:59:59,0.1686
23-Nov-20,22:59:59,0.1158
23-Nov-20,23:59:59,0.0281
24-Nov-20,0:59:59,-0.0713
24-Nov-20,1:59:59,-0.158
24-Nov-20,2:59:59,-0.2103
24-Nov-20,3:59:59,-0.213
24-Nov-20,4:59:59,-0.1601
24-Nov-20,5:59:59,-0.0594
24-Nov-20,6:59:59,0.0671
24-Nov-20,7:59:59,0.1877
24-Nov-20,8:59:59,0.2703
24-Nov-20,9:59:59,0.2929
24-Nov-20,10:59:59,0.2502
24-Nov-20,11:59:59,0.1537
24-Nov-20,12:59:59,0.0264
24-Nov-20,13:59:59,-0.1038
24-Nov-20,14:59:59,-0.2094
24-Nov-20,15:59:59,-0.2676
24-Nov-20,16:59:59,-0.2646
24-Nov-20,17:59:59,-0.1999
24-Nov-20,18:59:59,-0.0889
24-Nov-20,19:59:59,0.0387
24-Nov-20,20:59:59,0.1476
24-Nov-20,21:59:59,0.2082
24-Nov-20,22:59:59,0.2058
24-Nov-20,23:59:59,0.1438
25-Nov-20,0:59:59,0.0409
25-Nov-20,1:59:59,-0.0758
25-Nov-20,2:59:59,-0.1771
25-Nov-20,3:59:59,-0.2374
25-Nov-20,4:59:59,-0.2387
25-Nov-20,5:59:59,-0.1754
25-Nov-20,6:59:59,-0.0587
25-Nov-20,7:59:59,0.0841
25-Nov-20,8:59:59,0.2157
25-Nov-20,9:59:59,0.3003
25-Nov-20,10:59:59,0.3151
25-Nov-20,11:59:59,0.2564
25-Nov-20,12:59:59,0.1397
25-Nov-20,13:59:59,-0.0071
25-Nov-20,14:59:59,-0.1509
25-Nov-20,15:59:59,-0.26
25-Nov-20,16:59:59,-0.3098
25-Nov-20,17:59:59,-0.2873
25-Nov-20,18:59:59,-0.1966
25-Nov-20,19:59:59,-0.0599
25-Nov-20,20:59:59,0.0863
25-Nov-20,21:59:59,0.2022
25-Nov-20,22:59:59,0.2565
25-Nov-20,23:59:59,0.2368
26-Nov-20,0:59:59,0.1515
26-Nov-20,1:59:59,0.0252
26-Nov-20,2:59:59,-0.109
26-Nov-20,3:59:59,-0.2174
26-Nov-20,4:59:59,-0.272
26-Nov-20,5:59:59,-0.2563
26-Nov-20,6:59:59,-0.1693
26-Nov-20,7:59:59,-0.0294
26-Nov-20,8:59:59,0.1287
26-Nov-20,9:59:59,0.2625
26-Nov-20,10:59:59,0.3349
26-Nov-20,11:59:59,0.3258
26-Nov-20,12:59:59,0.2378
26-Nov-20,13:59:59,0.0936
26-Nov-20,14:59:59,-0.0717
26-Nov-20,15:59:59,-0.2201
26-Nov-20,16:59:59,-0.3179
26-Nov-20,17:59:59,-0.3421
26-Nov-20,18:59:59,-0.2856
26-Nov-20,19:59:59,-0.1606
26-Nov-20,20:59:59,0.0018
26-Nov-20,21:59:59,0.1584
26-Nov-20,22:59:59,0.2668
26-Nov-20,23:59:59,0.2984
27-Nov-20,0:59:59,0.2473
27-Nov-20,1:59:59,0.1303
27-Nov-20,2:59:59,-0.0198
27-Nov-20,3:59:59,-0.1639
27-Nov-20,4:59:59,-0.2659
27-Nov-20,5:59:59,-0.2993
27-Nov-20,6:59:59,-0.2529
27-Nov-20,7:59:59,-0.1346
27-Nov-20,8:59:59,0.0281
27-Nov-20,9:59:59,0.1932
27-Nov-20,10:59:59,0.3152
27-Nov-20,11:59:59,0.3595
27-Nov-20,12:59:59,0.3131
27-Nov-20,13:59:59,0.1883
27-Nov-20,14:59:59,0.0173
27-Nov-20,15:59:59,-0.158
27-Nov-20,16:59:59,-0.2966
27-Nov-20,17:59:59,-0.3665
27-Nov-20,18:59:59,-0.3508
27-Nov-20,19:59:59,-0.2518
27-Nov-20,20:59:59,-0.0923
27-Nov-20,21:59:59,0.0876
27-Nov-20,22:59:59,0.2405
27-Nov-20,23:59:59,0.325
28-Nov-20,0:59:59,0.3197
28-Nov-20,1:59:59,0.2287
28-Nov-20,2:59:59,0.0794
28-Nov-20,3:59:59,-0.0872
28-Nov-20,4:59:59,-0.2281
28-Nov-20,5:59:59,-0.3081
28-Nov-20,6:59:59,-0.3067
28-Nov-20,7:59:59,-0.2218
28-Nov-20,8:59:59,-0.072
28-Nov-20,9:59:59,0.1059
28-Nov-20,10:59:59,0.2646
28-Nov-20,11:59:59,0.3592
28-Nov-20,12:59:59,0.362
28-Nov-20,13:59:59,0.271
28-Nov-20,14:59:59,0.1099
28-Nov-20,15:59:59,-0.0796
28-Nov-20,16:59:59,-0.2509
28-Nov-20,17:59:59,-0.3636
28-Nov-20,18:59:59,-0.3916
28-Nov-20,19:59:59,-0.3279
28-Nov-20,20:59:59,-0.1863
28-Nov-20,21:59:59,-0.0002
28-Nov-20,22:59:59,0.1834
28-Nov-20,23:59:59,0.3161
29-Nov-20,0:59:59,0.3626
29-Nov-20,1:59:59,0.3117
29-Nov-20,2:59:59,0.1801
29-Nov-20,3:59:59,0.0056
29-Nov-20,4:59:59,-0.1646
29-Nov-20,5:59:59,-0.2871
29-Nov-20,6:59:59,-0.332
29-Nov-20,7:59:59,-0.2878
29-Nov-20,8:59:59,-0.164
29-Nov-20,9:59:59,0.0102
29-Nov-20,10:59:59,0.1903
29-Nov-20,11:59:59,0.3274
29-Nov-20,12:59:59,0.3819
29-Nov-20,13:59:59,0.3361
29-Nov-20,14:59:59,0.201
29-Nov-20,15:59:59,0.012
29-Nov-20,16:59:59,-0.1821
29-Nov-20,17:59:59,-0.3336
29-Nov-20,18:59:59,-0.4069
29-Nov-20,19:59:59,-0.3852
29-Nov-20,20:59:59,-0.2733
29-Nov-20,21:59:59,-0.0968
29-Nov-20,22:59:59,0.102
29-Nov-20,23:59:59,0.2731
30-Nov-20,0:59:59,0.3714
30-Nov-20,1:59:59,0.3711
30-Nov-20,2:59:59,0.2738
30-Nov-20,3:59:59,0.1085
30-Nov-20,4:59:59,-0.0785
30-Nov-20,5:59:59,-0.2375
30-Nov-20,6:59:59,-0.3288
30-Nov-20,7:59:59,-0.3307
30-Nov-20,8:59:59,-0.2434
30-Nov-20,9:59:59,-0.0877
30-Nov-20,10:59:59,0.0982
30-Nov-20,11:59:59,0.2659
30-Nov-20,12:59:59,0.3689
30-Nov-20,13:59:59,0.3762
30-Nov-20,14:59:59,0.2827
30-Nov-20,15:59:59,0.1121
30-Nov-20,16:59:59,-0.0909
30-Nov-20,17:59:59,-0.2739
30-Nov-20,18:59:59,-0.3921
30-Nov-20,19:59:59,-0.4181
30-Nov-20,20:59:59,-0.3467
30-Nov-20,21:59:59,-0.1946
30-Nov-20,22:59:59,0.003
30-Nov-20,23:59:59,0.1985
1-Dec-20,0:59:59,0.3428
1-Dec-20,1:59:59,0.3981
1-Dec-20,2:59:59,0.35
1-Dec-20,3:59:59,0.213
1-Dec-20,4:59:59,0.0264
1-Dec-20,5:59:59,-0.1584
1-Dec-20,6:59:59,-0.2935
1-Dec-20,7:59:59,-0.346
1-Dec-20,8:59:59,-0.3049
1-Dec-20,9:59:59,-0.1816
1-Dec-20,10:59:59,-0.0065
1-Dec-20,11:59:59,0.1766
1-Dec-20,12:59:59,0.3194
1-Dec-20,13:59:59,0.3816
1-Dec-20,14:59:59,0.3426
1-Dec-20,15:59:59,0.21
1-Dec-20,16:59:59,0.0179
1-Dec-20,17:59:59,-0.183
1-Dec-20,18:59:59,-0.3412
1-Dec-20,19:59:59,-0.4182
1-Dec-20,20:59:59,-0.3971
1-Dec-20,21:59:59,-0.2837
1-Dec-20,22:59:59,-0.1049
1-Dec-20,23:59:59,0.0978
2-Dec-20,0:59:59,0.2758
2-Dec-20,1:59:59,0.3844
2-Dec-20,2:59:59,0.3953
2-Dec-20,3:59:59,0.3059
2-Dec-20,4:59:59,0.1417
2-Dec-20,5:59:59,-0.0515
2-Dec-20,6:59:59,-0.2214
2-Dec-20,7:59:59,-0.325
2-Dec-20,8:59:59,-0.3387
2-Dec-20,9:59:59,-0.262
2-Dec-20,10:59:59,-0.1153
2-Dec-20,11:59:59,0.0646
2-Dec-20,12:59:59,0.2324
2-Dec-20,13:59:59,0.3435
2-Dec-20,14:59:59,0.3654
2-Dec-20,15:59:59,0.2886
2-Dec-20,16:59:59,0.131
2-Dec-20,17:59:59,-0.0662
2-Dec-20,18:59:59,-0.2509
2-Dec-20,19:59:59,-0.3761
2-Dec-20,20:59:59,-0.4117
2-Dec-20,21:59:59,-0.3509
2-Dec-20,22:59:59,-0.2092
2-Dec-20,23:59:59,-0.0196
3-Dec-20,0:59:59,0.1739
3-Dec-20,1:59:59,0.3254
3-Dec-20,2:59:59,0.3969
3-Dec-20,3:59:59,0.3697
3-Dec-20,4:59:59,0.2513
3-Dec-20,5:59:59,0.0744
3-Dec-20,6:59:59,-0.1123
3-Dec-20,7:59:59,-0.2596
3-Dec-20,8:59:59,-0.3316
3-Dec-20,9:59:59,-0.3137
3-Dec-20,10:59:59,-0.214
3-Dec-20,11:59:59,-0.0587
3-Dec-20,12:59:59,0.1132
3-Dec-20,13:59:59,0.2584
3-Dec-20,14:59:59,0.3379
3-Dec-20,15:59:59,0.3276
3-Dec-20,16:59:59,0.2269
3-Dec-20,17:59:59,0.0606
3-Dec-20,18:59:59,-0.1274
3-Dec-20,19:59:59,-0.2873
3-Dec-20,20:59:59,-0.3784
3-Dec-20,21:59:59,-0.3797
3-Dec-20,22:59:59,-0.2925
3-Dec-20,23:59:59,-0.1382
4-Dec-20,0:59:59,0.0479
4-Dec-20,1:59:59,0.2231
4-Dec-20,2:59:59,0.3462
4-Dec-20,3:59:59,0.3864
4-Dec-20,4:59:59,0.333
4-Dec-20,5:59:59,0.2001
4-Dec-20,6:59:59,0.0238
4-Dec-20,7:59:59,-0.1483
4-Dec-20,8:59:59,-0.2722
4-Dec-20,9:59:59,-0.3193
4-Dec-20,10:59:59,-0.2824
4-Dec-20,11:59:59,-0.1743
4-Dec-20,12:59:59,-0.0236
4-Dec-20,13:59:59,0.1326
4-Dec-20,14:59:59,0.2547
4-Dec-20,15:59:59,0.3099
4-Dec-20,16:59:59,0.2806
4-Dec-20,17:59:59,0.1718
4-Dec-20,18:59:59,0.0111
4-Dec-20,19:59:59,-0.1585
4-Dec-20,20:59:59,-0.2919
4-Dec-20,21:59:59,-0.3555
4-Dec-20,22:59:59,-0.3351
4-Dec-20,23:59:59,-0.2369
5-Dec-20,0:59:59,-0.0841
5-Dec-20,1:59:59,0.0891
5-Dec-20,2:59:59,0.2438
5-Dec-20,3:59:59,0.3439
5-Dec-20,4:59:59,0.3641
5-Dec-20,5:59:59,0.2987
5-Dec-20,6:59:59,0.1645
5-Dec-20,7:59:59,-0.0025
5-Dec-20,8:59:59,-0.1584
5-Dec-20,9:59:59,-0.2649
5-Dec-20,10:59:59,-0.299
5-Dec-20,11:59:59,-0.2574
5-Dec-20,12:59:59,-0.1541
5-Dec-20,13:59:59,-0.0159
5-Dec-20,14:59:59,0.1234
5-Dec-20,15:59:59,0.2289
5-Dec-20,16:59:59,0.2719
5-Dec-20,17:59:59,0.2387
5-Dec-20,18:59:59,0.1356
5-Dec-20,19:59:59,-0.0102
5-Dec-20,20:59:59,-0.1592
5-Dec-20,21:59:59,-0.2719
5-Dec-20,22:59:59,-0.3199
5-Dec-20,23:59:59,-0.2926
6-Dec-20,0:59:59,-0.1973
6-Dec-20,1:59:59,-0.0554
6-Dec-20,2:59:59,0.1024
6-Dec-20,3:59:59,0.2414
6-Dec-20,4:59:59,0.3291
6-Dec-20,5:59:59,0.343
6-Dec-20,6:59:59,0.2785
6-Dec-20,7:59:59,0.1518
6-Dec-20,8:59:59,-0.0038
6-Dec-20,9:59:59,-0.1486
6-Dec-20,10:59:59,-0.2484
6-Dec-20,11:59:59,-0.283
6-Dec-20,12:59:59,-0.2493
6-Dec-20,13:59:59,-0.1589
6-Dec-20,14:59:59,-0.0347
6-Dec-20,15:59:59,0.0935
6-Dec-20,16:59:59,0.1936
6-Dec-20,17:59:59,0.2385
6-Dec-20,18:59:59,0.2143
6-Dec-20,19:59:59,0.1259
6-Dec-20,20:59:59,-0.0029
6-Dec-20,21:59:59,-0.1366
6-Dec-20,22:59:59,-0.2396
6-Dec-20,23:59:59,-0.286
7-Dec-20,0:59:59,-0.2652
7-Dec-20,1:59:59,-0.1821
7-Dec-20,2:59:59,-0.0538
7-Dec-20,3:59:59,0.0929
7-Dec-20,4:59:59,0.2262
7-Dec-20,5:59:59,0.3143
7-Dec-20,6:59:59,0.3341
7-Dec-20,7:59:59,0.2789
7-Dec-20,8:59:59,0.1622
7-Dec-20,9:59:59,0.0138
7-Dec-20,10:59:59,-0.1296
7-Dec-20,11:59:59,-0.2352
7-Dec-20,12:59:59,-0.282
7-Dec-20,13:59:59,-0.2637
7-Dec-20,14:59:59,-0.1875
7-Dec-20,15:59:59,-0.0719
7-Dec-20,16:59:59,0.0556
7-Dec-20,17:59:59,0.1634
7-Dec-20,18:59:59,0.2224
7-Dec-20,19:59:59,0.2152
7-Dec-20,20:59:59,0.1432
7-Dec-20,21:59:59,0.0265
7-Dec-20,22:59:59,-0.1024
7-Dec-20,23:59:59,-0.2089
8-Dec-20,0:59:59,-0.2664
8-Dec-20,1:59:59,-0.261
8-Dec-20,2:59:59,-0.1926
8-Dec-20,3:59:59,-0.074
8-Dec-20,4:59:59,0.071
8-Dec-20,5:59:59,0.2105
8-Dec-20,6:59:59,0.3103
8-Dec-20,7:59:59,0.3438
8-Dec-20,8:59:59,0.3001
8-Dec-20,9:59:59,0.1893
8-Dec-20,10:59:59,0.0391
8-Dec-20,11:59:59,-0.1141
8-Dec-20,12:59:59,-0.236
8-Dec-20,13:59:59,-0.3017
8-Dec-20,14:59:59,-0.2997
8-Dec-20,15:59:59,-0.2322
8-Dec-20,16:59:59,-0.1149
8-Dec-20,17:59:59,0.0245
8-Dec-20,18:59:59,0.1511
8-Dec-20,19:59:59,0.2311
8-Dec-20,20:59:59,0.2421
8-Dec-20,21:59:59,0.1813
8-Dec-20,22:59:59,0.0665
8-Dec-20,23:59:59,-0.0702
9-Dec-20,0:59:59,-0.1923
9-Dec-20,1:59:59,-0.269
9-Dec-20,2:59:59,-0.2812
9-Dec-20,3:59:59,-0.2236
9-Dec-20,4:59:59,-0.1055
9-Dec-20,5:59:59,0.0491
9-Dec-20,6:59:59,0.2052
9-Dec-20,7:59:59,0.3236
9-Dec-20,8:59:59,0.3719
9-Dec-20,9:59:59,0.3354
9-Dec-20,10:59:59,0.2219
9-Dec-20,11:59:59,0.0593
9-Dec-20,12:59:59,-0.1133
9-Dec-20,13:59:59,-0.2571
9-Dec-20,14:59:59,-0.3415
9-Dec-20,15:59:59,-0.3497
9-Dec-20,16:59:59,-0.2804
9-Dec-20,17:59:59,-0.1493
9-Dec-20,18:59:59,0.0127
9-Dec-20,19:59:59,0.1645
9-Dec-20,20:59:59,0.2658
9-Dec-20,21:59:59,0.2892
9-Dec-20,22:59:59,0.2291
9-Dec-20,23:59:59,0.1037
10-Dec-20,0:59:59,-0.0521
10-Dec-20,1:59:59,-0.1971
10-Dec-20,2:59:59,-0.2948
10-Dec-20,3:59:59,-0.3203
10-Dec-20,4:59:59,-0.2643
10-Dec-20,5:59:59,-0.1359
10-Dec-20,6:59:59,0.0382
10-Dec-20,7:59:59,0.2168
10-Dec-20,8:59:59,0.3541
10-Dec-20,9:59:59,0.4122
10-Dec-20,10:59:59,0.3737
10-Dec-20,11:59:59,0.2468
10-Dec-20,12:59:59,0.0629
10-Dec-20,13:59:59,-0.1338
10-Dec-20,14:59:59,-0.2984
10-Dec-20,15:59:59,-0.3948
10-Dec-20,16:59:59,-0.402
10-Dec-20,17:59:59,-0.3183
10-Dec-20,18:59:59,-0.1626
10-Dec-20,19:59:59,0.0278
10-Dec-20,20:59:59,0.2045
10-Dec-20,21:59:59,0.3207
10-Dec-20,22:59:59,0.3454
10-Dec-20,23:59:59,0.2735
11-Dec-20,0:59:59,0.1263
11-Dec-20,1:59:59,-0.0555
11-Dec-20,2:59:59,-0.2245
11-Dec-20,3:59:59,-0.3382
11-Dec-20,4:59:59,-0.3674
11-Dec-20,5:59:59,-0.302
11-Dec-20,6:59:59,-0.1535
11-Dec-20,7:59:59,0.0454
11-Dec-20,8:59:59,0.2461
11-Dec-20,9:59:59,0.3961
11-Dec-20,10:59:59,0.4538
11-Dec-20,11:59:59,0.402
11-Dec-20,12:59:59,0.2527
11-Dec-20,13:59:59,0.0431
11-Dec-20,14:59:59,-0.1761
11-Dec-20,15:59:59,-0.3539
11-Dec-20,16:59:59,-0.4502
11-Dec-20,17:59:59,-0.4433
11-Dec-20,18:59:59,-0.3341
11-Dec-20,19:59:59,-0.1476
11-Dec-20,20:59:59,0.0708
11-Dec-20,21:59:59,0.2653
11-Dec-20,22:59:59,0.3846
11-Dec-20,23:59:59,0.3975
12-Dec-20,0:59:59,0.3023
12-Dec-20,1:59:59,0.1267
12-Dec-20,2:59:59,-0.0816
12-Dec-20,3:59:59,-0.269
12-Dec-20,4:59:59,-0.3886
12-Dec-20,5:59:59,-0.4098
12-Dec-20,6:59:59,-0.3249
12-Dec-20,7:59:59,-0.1508
12-Dec-20,8:59:59,0.0721
12-Dec-20,9:59:59,0.2879
12-Dec-20,10:59:59,0.4393
12-Dec-20,11:59:59,0.4843
12-Dec-20,12:59:59,0.4092
12-Dec-20,13:59:59,0.2326
12-Dec-20,14:59:59,-0.001
12-Dec-20,15:59:59,-0.2345
12-Dec-20,16:59:59,-0.4129
12-Dec-20,17:59:59,-0.4952
12-Dec-20,18:59:59,-0.4621
12-Dec-20,19:59:59,-0.3207
12-Dec-20,20:59:59,-0.1037
12-Dec-20,21:59:59,0.1355
12-Dec-20,22:59:59,0.3357
12-Dec-20,23:59:59,0.4443
13-Dec-20,0:59:59,0.4333
13-Dec-20,1:59:59,0.3078
13-Dec-20,2:59:59,0.1033
13-Dec-20,3:59:59,-0.1256
13-Dec-20,4:59:59,-0.3205
13-Dec-20,5:59:59,-0.4333
13-Dec-20,6:59:59,-0.4358
13-Dec-20,7:59:59,-0.3253
13-Dec-20,8:59:59,-0.1262
13-Dec-20,9:59:59,0.1135
13-Dec-20,10:59:59,0.3325
13-Dec-20,11:59:59,0.472
13-Dec-20,12:59:59,0.4931
13-Dec-20,13:59:59,0.3889
13-Dec-20,14:59:59,0.1861
13-Dec-20,15:59:59,-0.0636
13-Dec-20,16:59:59,-0.2985
13-Dec-20,17:59:59,-0.4629
13-Dec-20,18:59:59,-0.5184
13-Dec-20,19:59:59,-0.4518
13-Dec-20,20:59:59,-0.2777
13-Dec-20,21:59:59,-0.037
13-Dec-20,22:59:59,0.2108
13-Dec-20,23:59:59,0.4021
14-Dec-20,0:59:59,0.4871
14-Dec-20,1:59:59,0.4444
14-Dec-20,2:59:59,0.2877
14-Dec-20,3:59:59,0.0604
14-Dec-20,4:59:59,-0.1776
14-Dec-20,5:59:59,-0.3667
14-Dec-20,6:59:59,-0.4609
14-Dec-20,7:59:59,-0.4375
14-Dec-20,8:59:59,-0.3012
14-Dec-20,9:59:59,-0.0838
14-Dec-20,10:59:59,0.1607
14-Dec-20,11:59:59,0.3688
14-Dec-20,12:59:59,0.484
14-Dec-20,13:59:59,0.4741
14-Dec-20,14:59:59,0.3407
14-Dec-20,15:59:59,0.119
14-Dec-20,16:59:59,-0.1341
14-Dec-20,17:59:59,-0.3557
14-Dec-20,18:59:59,-0.4928
14-Dec-20,19:59:59,-0.5133
14-Dec-20,20:59:59,-0.4117
14-Dec-20,21:59:59,-0.2111
14-Dec-20,22:59:59,0.0413
14-Dec-20,23:59:59,0.2829
15-Dec-20,0:59:59,0.4519
15-Dec-20,1:59:59,0.5045
15-Dec-20,2:59:59,0.4283
15-Dec-20,3:59:59,0.2459
15-Dec-20,4:59:59,0.0072
15-Dec-20,5:59:59,-0.2262
15-Dec-20,6:59:59,-0.3967
15-Dec-20,7:59:59,-0.4641
15-Dec-20,8:59:59,-0.4134
15-Dec-20,9:59:59,-0.2567
15-Dec-20,10:59:59,-0.0324
15-Dec-20,11:59:59,0.2029
15-Dec-20,12:59:59,0.3871
15-Dec-20,13:59:59,0.4697
15-Dec-20,14:59:59,0.4273
15-Dec-20,15:59:59,0.2708
15-Dec-20,16:59:59,0.0419
15-Dec-20,17:59:59,-0.2
15-Dec-20,18:59:59,-0.3947
15-Dec-20,19:59:59,-0.4956
15-Dec-20,20:59:59,-0.4789
15-Dec-20,21:59:59,-0.3477
15-Dec-20,22:59:59,-0.1318
15-Dec-20,23:59:59,0.1177
16-Dec-20,0:59:59,0.3392
16-Dec-20,1:59:59,0.4761
16-Dec-20,2:59:59,0.4935
16-Dec-20,3:59:59,0.3884
16-Dec-20,4:59:59,0.1911
16-Dec-20,5:59:59,-0.0454
16-Dec-20,6:59:59,-0.2608
16-Dec-20,7:59:59,-0.4036
16-Dec-20,8:59:59,-0.4415
16-Dec-20,9:59:59,-0.3676
16-Dec-20,10:59:59,-0.2008
16-Dec-20,11:59:59,0.0172
16-Dec-20,12:59:59,0.2304
16-Dec-20,13:59:59,0.3817
16-Dec-20,14:59:59,0.4292
16-Dec-20,15:59:59,0.359
16-Dec-20,16:59:59,0.1901
16-Dec-20,17:59:59,-0.032
16-Dec-20,18:59:59,-0.2494
16-Dec-20,19:59:59,-0.4081
16-Dec-20,20:59:59,-0.47
16-Dec-20,21:59:59,-0.4205
16-Dec-20,22:59:59,-0.2703
16-Dec-20,23:59:59,-0.0531
17-Dec-20,0:59:59,0.1797
17-Dec-20,1:59:59,0.3709
17-Dec-20,2:59:59,0.472
17-Dec-20,3:59:59,0.4574
17-Dec-20,4:59:59,0.333
17-Dec-20,5:59:59,0.1339
17-Dec-20,6:59:59,-0.0871
17-Dec-20,7:59:59,-0.275
17-Dec-20,8:59:59,-0.3862
17-Dec-20,9:59:59,-0.3975
17-Dec-20,10:59:59,-0.3093
17-Dec-20,11:59:59,-0.1445
17-Dec-20,12:59:59,0.0549
17-Dec-20,13:59:59,0.2371
17-Dec-20,14:59:59,0.3525
17-Dec-20,15:59:59,0.3685
17-Dec-20,16:59:59,0.2802
17-Dec-20,17:59:59,0.1119
17-Dec-20,18:59:59,-0.0907
17-Dec-20,19:59:59,-0.2746
17-Dec-20,20:59:59,-0.3941
17-Dec-20,21:59:59,-0.4209
17-Dec-20,22:59:59,-0.3484
17-Dec-20,23:59:59,-0.1922
18-Dec-20,0:59:59,0.0129
18-Dec-20,1:59:59,0.2188
18-Dec-20,2:59:59,0.3752
18-Dec-20,3:59:59,0.4425
18-Dec-20,4:59:59,0.4044
18-Dec-20,5:59:59,0.2728
18-Dec-20,6:59:59,0.0845
18-Dec-20,7:59:59,-0.1114
18-Dec-20,8:59:59,-0.2674
18-Dec-20,9:59:59,-0.3493
18-Dec-20,10:59:59,-0.3417
18-Dec-20,11:59:59,-0.25
18-Dec-20,12:59:59,-0.0983
18-Dec-20,13:59:59,0.0744
18-Dec-20,14:59:59,0.2225
18-Dec-20,15:59:59,0.3051
18-Dec-20,16:59:59,0.2985
18-Dec-20,17:59:59,0.204
18-Dec-20,18:59:59,0.0482
18-Dec-20,19:59:59,-0.126
18-Dec-20,20:59:59,-0.2732
18-Dec-20,21:59:59,-0.357
18-Dec-20,22:59:59,-0.3577
18-Dec-20,23:59:59,-0.2746
19-Dec-20,0:59:59,-0.1252
19-Dec-20,1:59:59,0.0578
19-Dec-20,2:59:59,0.2321
19-Dec-20,3:59:59,0.3553
19-Dec-20,4:59:59,0.3962
19-Dec-20,5:59:59,0.3454
19-Dec-20,6:59:59,0.2183
19-Dec-20,7:59:59,0.0498
19-Dec-20,8:59:59,-0.1169
19-Dec-20,9:59:59,-0.2428
19-Dec-20,10:59:59,-0.3022
19-Dec-20,11:59:59,-0.2856
19-Dec-20,12:59:59,-0.2005
19-Dec-20,13:59:59,-0.0693
19-Dec-20,14:59:59,0.0741
19-Dec-20,15:59:59,0.1915
19-Dec-20,16:59:59,0.2497
19-Dec-20,17:59:59,0.2316
19-Dec-20,18:59:59,0.1424
19-Dec-20,19:59:59,0.0075
19-Dec-20,20:59:59,-0.1355
19-Dec-20,21:59:59,-0.2491
19-Dec-20,22:59:59,-0.3058
19-Dec-20,23:59:59,-0.2923
20-Dec-20,0:59:59,-0.2107
20-Dec-20,1:59:59,-0.0775
20-Dec-20,2:59:59,0.079
20-Dec-20,3:59:59,0.2231
20-Dec-20,4:59:59,0.3197
20-Dec-20,5:59:59,0.3442
20-Dec-20,6:59:59,0.2913
20-Dec-20,7:59:59,0.1768
20-Dec-20,8:59:59,0.0318
20-Dec-20,9:59:59,-0.1076
20-Dec-20,10:59:59,-0.2102
20-Dec-20,11:59:59,-0.2565
20-Dec-20,12:59:59,-0.2403
20-Dec-20,13:59:59,-0.1683
20-Dec-20,14:59:59,-0.0594
20-Dec-20,15:59:59,0.0586
20-Dec-20,16:59:59,0.1535
20-Dec-20,17:59:59,0.1983
20-Dec-20,18:59:59,0.1797
20-Dec-20,19:59:59,0.1035
20-Dec-20,20:59:59,-0.0077
20-Dec-20,21:59:59,-0.1226
20-Dec-20,22:59:59,-0.2113
20-Dec-20,23:59:59,-0.2524
21-Dec-20,0:59:59,-0.2363
21-Dec-20,1:59:59,-0.165
21-Dec-20,2:59:59,-0.0519
21-Dec-20,3:59:59,0.0799
21-Dec-20,4:59:59,0.2004
21-Dec-20,5:59:59,0.2798
21-Dec-20,6:59:59,0.2977
21-Dec-20,7:59:59,0.2502
21-Dec-20,8:59:59,0.1512
21-Dec-20,9:59:59,0.0272
21-Dec-20,10:59:59,-0.0918
21-Dec-20,11:59:59,-0.1806
21-Dec-20,12:59:59,-0.2231
21-Dec-20,13:59:59,-0.2134
21-Dec-20,14:59:59,-0.1558
21-Dec-20,15:59:59,-0.0648
21-Dec-20,16:59:59,0.0363
21-Dec-20,17:59:59,0.12
21-Dec-20,18:59:59,0.1621
21-Dec-20,19:59:59,0.1506
21-Dec-20,20:59:59,0.09
21-Dec-20,21:59:59,-0.0009
21-Dec-20,22:59:59,-0.0962
21-Dec-20,23:59:59,-0.1713
22-Dec-20,0:59:59,-0.2082
22-Dec-20,1:59:59,-0.1979
22-Dec-20,2:59:59,-0.1404
22-Dec-20,3:59:59,-0.0452
22-Dec-20,4:59:59,0.0687
22-Dec-20,5:59:59,0.1751
22-Dec-20,6:59:59,0.2469
22-Dec-20,7:59:59,0.2651
22-Dec-20,8:59:59,0.2253
22-Dec-20,9:59:59,0.1389
22-Dec-20,10:59:59,0.0285
22-Dec-20,11:59:59,-0.08
22-Dec-20,12:59:59,-0.1644
22-Dec-20,13:59:59,-0.2093
22-Dec-20,14:59:59,-0.2072
22-Dec-20,15:59:59,-0.1595
22-Dec-20,16:59:59,-0.0774
22-Dec-20,17:59:59,0.0184
22-Dec-20,18:59:59,0.1016
22-Dec-20,19:59:59,0.1486
22-Dec-20,20:59:59,0.1466
22-Dec-20,21:59:59,0.0981
22-Dec-20,22:59:59,0.019
22-Dec-20,23:59:59,-0.0681
23-Dec-20,0:59:59,-0.1408
23-Dec-20,1:59:59,-0.1818
23-Dec-20,2:59:59,-0.1806
23-Dec-20,3:59:59,-0.1343
23-Dec-20,4:59:59,-0.0496
23-Dec-20,5:59:59,0.0564
23-Dec-20,6:59:59,0.1585
23-Dec-20,7:59:59,0.2296
23-Dec-20,8:59:59,0.2502
23-Dec-20,9:59:59,0.2147
23-Dec-20,10:59:59,0.1331
23-Dec-20,11:59:59,0.026
23-Dec-20,12:59:59,-0.0819
23-Dec-20,13:59:59,-0.1686
23-Dec-20,14:59:59,-0.2173
23-Dec-20,15:59:59,-0.2184
23-Dec-20,16:59:59,-0.1712
23-Dec-20,17:59:59,-0.0862
23-Dec-20,18:59:59,0.0153
23-Dec-20,19:59:59,0.1058
23-Dec-20,20:59:59,0.16
23-Dec-20,21:59:59,0.1639
23-Dec-20,22:59:59,0.119
23-Dec-20,23:59:59,0.0402
24-Dec-20,0:59:59,-0.05
24-Dec-20,1:59:59,-0.1288
24-Dec-20,2:59:59,-0.1771
24-Dec-20,3:59:59,-0.1822
24-Dec-20,4:59:59,-0.1393
24-Dec-20,5:59:59,-0.0547
24-Dec-20,6:59:59,0.0538
24-Dec-20,7:59:59,0.1588
24-Dec-20,8:59:59,0.2316
24-Dec-20,9:59:59,0.2512
24-Dec-20,10:59:59,0.212
24-Dec-20,11:59:59,0.1245
24-Dec-20,12:59:59,0.0106
24-Dec-20,13:59:59,-0.1039
24-Dec-20,14:59:59,-0.1948
24-Dec-20,15:59:59,-0.2433
24-Dec-20,16:59:59,-0.2384
24-Dec-20,17:59:59,-0.1801
24-Dec-20,18:59:59,-0.0808
24-Dec-20,19:59:59,0.0344
24-Dec-20,20:59:59,0.1347
24-Dec-20,21:59:59,0.1926
24-Dec-20,22:59:59,0.1938
24-Dec-20,23:59:59,0.1409
25-Dec-20,0:59:59,0.051
25-Dec-20,1:59:59,-0.051
25-Dec-20,2:59:59,-0.1393
25-Dec-20,3:59:59,-0.1924
25-Dec-20,4:59:59,-0.1959
25-Dec-20,5:59:59,-0.1456
25-Dec-20,6:59:59,-0.05
25-Dec-20,7:59:59,0.0688
25-Dec-20,8:59:59,0.1795
25-Dec-20,9:59:59,0.2508
25-Dec-20,10:59:59,0.2616
25-Dec-20,11:59:59,0.2081
25-Dec-20,12:59:59,0.1043
25-Dec-20,13:59:59,-0.0242
25-Dec-20,14:59:59,-0.1477
25-Dec-20,15:59:59,-0.2392
25-Dec-20,16:59:59,-0.2787
25-Dec-20,17:59:59,-0.2563
25-Dec-20,18:59:59,-0.1752
25-Dec-20,19:59:59,-0.0536
25-Dec-20,20:59:59,0.0781
25-Dec-20,21:59:59,0.1848
25-Dec-20,22:59:59,0.2378
25-Dec-20,23:59:59,0.2247
26-Dec-20,0:59:59,0.152
26-Dec-20,1:59:59,0.042
26-Dec-20,2:59:59,-0.0755
26-Dec-20,3:59:59,-0.171
26-Dec-20,4:59:59,-0.2211
26-Dec-20,5:59:59,-0.2121
26-Dec-20,6:59:59,-0.1431
26-Dec-20,7:59:59,-0.0282
26-Dec-20,8:59:59,0.1043
26-Dec-20,9:59:59,0.2183
26-Dec-20,10:59:59,0.2806
26-Dec-20,11:59:59,0.272
26-Dec-20,12:59:59,0.1938
26-Dec-20,13:59:59,0.066
26-Dec-20,14:59:59,-0.0796
26-Dec-20,15:59:59,-0.2089
26-Dec-20,16:59:59,-0.2928
26-Dec-20,17:59:59,-0.3121
26-Dec-20,18:59:59,-0.2608
26-Dec-20,19:59:59,-0.1487
26-Dec-20,20:59:59,-0.0017
26-Dec-20,21:59:59,0.1432
26-Dec-20,22:59:59,0.2476
26-Dec-20,23:59:59,0.284
27-Dec-20,0:59:59,0.2446
27-Dec-20,1:59:59,0.1432
27-Dec-20,2:59:59,0.0091
27-Dec-20,3:59:59,-0.122
27-Dec-20,4:59:59,-0.2174
27-Dec-20,5:59:59,-0.2538
27-Dec-20,6:59:59,-0.221
27-Dec-20,7:59:59,-0.1245
27-Dec-20,8:59:59,0.0136
27-Dec-20,9:59:59,0.1578
27-Dec-20,10:59:59,0.2678
27-Dec-20,11:59:59,0.3109
27-Dec-20,12:59:59,0.2727
27-Dec-20,13:59:59,0.1622
27-Dec-20,14:59:59,0.0078
27-Dec-20,15:59:59,-0.1519
27-Dec-20,16:59:59,-0.279
27-Dec-20,17:59:59,-0.3442
27-Dec-20,18:59:59,-0.332
27-Dec-20,19:59:59,-0.2435
27-Dec-20,20:59:59,-0.0974
27-Dec-20,21:59:59,0.0719
27-Dec-20,22:59:59,0.2215
27-Dec-20,23:59:59,0.3119
28-Dec-20,0:59:59,0.3196
28-Dec-20,1:59:59,0.2447
28-Dec-20,2:59:59,0.1102
28-Dec-20,3:59:59,-0.0462
28-Dec-20,4:59:59,-0.1838
28-Dec-20,5:59:59,-0.2686
28-Dec-20,6:59:59,-0.2803
28-Dec-20,7:59:59,-0.2149
28-Dec-20,8:59:59,-0.087
28-Dec-20,9:59:59,0.0725
28-Dec-20,10:59:59,0.2216
28-Dec-20,11:59:59,0.3177
28-Dec-20,12:59:59,0.3314
28-Dec-20,13:59:59,0.2563
28-Dec-20,14:59:59,0.111
28-Dec-20,15:59:59,-0.0668
28-Dec-20,16:59:59,-0.2325
28-Dec-20,17:59:59,-0.3464
28-Dec-20,18:59:59,-0.3817
28-Dec-20,19:59:59,-0.3298
28-Dec-20,20:59:59,-0.2009
28-Dec-20,21:59:59,-0.0237
28-Dec-20,22:59:59,0.1593
28-Dec-20,23:59:59,0.3016
29-Dec-20,0:59:59,0.3658
29-Dec-20,1:59:59,0.3354
29-Dec-20,2:59:59,0.2206
29-Dec-20,3:59:59,0.0547
29-Dec-20,4:59:59,-0.1171
29-Dec-20,5:59:59,-0.2508
29-Dec-20,6:59:59,-0.3142
29-Dec-20,7:59:59,-0.2925
29-Dec-20,8:59:59,-0.1907
29-Dec-20,9:59:59,-0.033
29-Dec-20,10:59:59,0.1412
29-Dec-20,11:59:59,0.2851
29-Dec-20,12:59:59,0.3571
29-Dec-20,13:59:59,0.3341
29-Dec-20,14:59:59,0.2195
29-Dec-20,15:59:59,0.0428
29-Dec-20,16:59:59,-0.15
29-Dec-20,17:59:59,-0.3104
29-Dec-20,18:59:59,-0.3996
29-Dec-20,19:59:59,-0.3967
29-Dec-20,20:59:59,-0.3018
29-Dec-20,21:59:59,-0.1354
29-Dec-20,22:59:59,0.0643
29-Dec-20,23:59:59,0.2492
30-Dec-20,0:59:59,0.3719
30-Dec-20,1:59:59,0.4001
30-Dec-20,2:59:59,0.327
30-Dec-20,3:59:59,0.174
30-Dec-20,4:59:59,-0.0162
30-Dec-20,5:59:59,-0.1929
30-Dec-20,6:59:59,-0.3119
30-Dec-20,7:59:59,-0.3453
30-Dec-20,8:59:59,-0.2864
30-Dec-20,9:59:59,-0.15
30-Dec-20,10:59:59,0.0305
30-Dec-20,11:59:59,0.209
30-Dec-20,12:59:59,0.3372
30-Dec-20,13:59:59,0.3774
30-Dec-20,14:59:59,0.315
30-Dec-20,15:59:59,0.1646
30-Dec-20,16:59:59,-0.0347
30-Dec-20,17:59:59,-0.2308
30-Dec-20,18:59:59,-0.374
30-Dec-20,19:59:59,-0.4299
30-Dec-20,20:59:59,-0.3853
30-Dec-20,21:59:59,-0.2501
30-Dec-20,22:59:59,-0.0548
30-Dec-20,23:59:59,0.1555
31-Dec-20,0:59:59,0.3295
31-Dec-20,1:59:59,0.4226
31-Dec-20,2:59:59,0.41
31-Dec-20,3:59:59,0.2957
31-Dec-20,4:59:59,0.1117
31-Dec-20,5:59:59,-0.092
31-Dec-20,6:59:59,-0.2623
31-Dec-20,7:59:59,-0.3577
31-Dec-20,8:59:59,-0.3571
31-Dec-20,9:59:59,-0.263
31-Dec-20,10:59:59,-0.0993
31-Dec-20,11:59:59,0.0933
31-Dec-20,12:59:59,0.2652
31-Dec-20,13:59:59,0.3694
31-Dec-20,14:59:59,0.3746
31-Dec-20,15:59:59,0.2761
31-Dec-20,16:59:59,0.0984
31-Dec-20,17:59:59,-0.1113
31-Dec-20,18:59:59,-0.2981
31-Dec-20,19:59:59,-0.4148
31-Dec-20,20:59:59,-0.4333
31-Dec-20,21:59:59,-0.3494
31-Dec-20,22:59:59,-0.1825
31-Dec-20,23:59:59,0.0298
1-Jan-21,0:59:59,0.2376
1-Jan-21,1:59:59,0.3903
1-Jan-21,2:59:59,0.4484
1-Jan-21,3:59:59,0.3963
1-Jan-21,4:59:59,0.2482
1-Jan-21,5:59:59,0.0443
1-Jan-21,6:59:59,-0.1609
1-Jan-21,7:59:59,-0.3153
1-Jan-21,8:59:59,-0.3827
1-Jan-21,9:59:59,-0.3499
1-Jan-21,10:59:59,-0.2279
1-Jan-21,11:59:59,-0.0478
1-Jan-21,12:59:59,0.1453
1-Jan-21,13:59:59,0.3014
1-Jan-21,14:59:59,0.3775
1-Jan-21,15:59:59,0.3502
1-Jan-21,16:59:59,0.2239
1-Jan-21,17:59:59,0.0315
1-Jan-21,18:59:59,-0.1757
1-Jan-21,19:59:59,-0.3432
1-Jan-21,20:59:59,-0.4286
1-Jan-21,21:59:59,-0.4117
1-Jan-21,22:59:59,-0.2967
1-Jan-21,23:59:59,-0.1101
2-Jan-21,0:59:59,0.1057
2-Jan-21,1:59:59,0.3001
2-Jan-21,2:59:59,0.4256
2-Jan-21,3:59:59,0.4495
2-Jan-21,4:59:59,0.3649
2-Jan-21,5:59:59,0.1943
2-Jan-21,6:59:59,-0.0167
2-Jan-21,7:59:59,-0.2131
2-Jan-21,8:59:59,-0.3462
2-Jan-21,9:59:59,-0.3866
2-Jan-21,10:59:59,-0.3287
2-Jan-21,11:59:59,-0.1899
2-Jan-21,12:59:59,-0.0055
2-Jan-21,13:59:59,0.1781
2-Jan-21,14:59:59,0.3135
2-Jan-21,15:59:59,0.3631
2-Jan-21,16:59:59,0.311
2-Jan-21,17:59:59,0.1691
2-Jan-21,18:59:59,-0.025
2-Jan-21,19:59:59,-0.2189
2-Jan-21,20:59:59,-0.3615
2-Jan-21,21:59:59,-0.417
2-Jan-21,22:59:59,-0.3723
2-Jan-21,23:59:59,-0.2384
3-Jan-21,0:59:59,-0.0456
3-Jan-21,1:59:59,0.1624
3-Jan-21,2:59:59,0.3369
3-Jan-21,3:59:59,0.4351
3-Jan-21,4:59:59,0.4313
3-Jan-21,5:59:59,0.3255
3-Jan-21,6:59:59,0.1453
3-Jan-21,7:59:59,-0.0617
3-Jan-21,8:59:59,-0.2428
3-Jan-21,9:59:59,-0.3547
3-Jan-21,10:59:59,-0.3743
3-Jan-21,11:59:59,-0.3019
3-Jan-21,12:59:59,-0.1585
3-Jan-21,13:59:59,0.0198
3-Jan-21,14:59:59,0.1883
3-Jan-21,15:59:59,0.3035
3-Jan-21,16:59:59,0.3333
3-Jan-21,17:59:59,0.2677
3-Jan-21,18:59:59,0.1229
3-Jan-21,19:59:59,-0.0618
3-Jan-21,20:59:59,-0.2362
3-Jan-21,21:59:59,-0.3544
3-Jan-21,22:59:59,-0.3869
3-Jan-21,23:59:59,-0.3263
4-Jan-21,0:59:59,-0.1867
4-Jan-21,1:59:59,0.0005
4-Jan-21,2:59:59,0.1934
4-Jan-21,3:59:59,0.3472
4-Jan-21,4:59:59,0.4239
4-Jan-21,5:59:59,0.4029
4-Jan-21,6:59:59,0.2886
4-Jan-21,7:59:59,0.1106
4-Jan-21,8:59:59,-0.0852
4-Jan-21,9:59:59,-0.2498
4-Jan-21,10:59:59,-0.3456
4-Jan-21,11:59:59,-0.3545
4-Jan-21,12:59:59,-0.2793
4-Jan-21,13:59:59,-0.1415
4-Jan-21,14:59:59,0.0245
4-Jan-21,15:59:59,0.1776
4-Jan-21,16:59:59,0.2783
4-Jan-21,17:59:59,0.2987
4-Jan-21,18:59:59,0.2318
4-Jan-21,19:59:59,0.0951
4-Jan-21,20:59:59,-0.0737
4-Jan-21,21:59:59,-0.2284
4-Jan-21,22:59:59,-0.3285
4-Jan-21,23:59:59,-0.3491
5-Jan-21,0:59:59,-0.2856
5-Jan-21,1:59:59,-0.1523
5-Jan-21,2:59:59,0.0218
5-Jan-21,3:59:59,0.1982
5-Jan-21,4:59:59,0.336
5-Jan-21,5:59:59,0.4008
5-Jan-21,6:59:59,0.3748
5-Jan-21,7:59:59,0.2635
5-Jan-21,8:59:59,0.0952
5-Jan-21,9:59:59,-0.0872
5-Jan-21,10:59:59,-0.2394
5-Jan-21,11:59:59,-0.328
5-Jan-21,12:59:59,-0.337
5-Jan-21,13:59:59,-0.269
5-Jan-21,14:59:59,-0.143
5-Jan-21,15:59:59,0.0103
5-Jan-21,16:59:59,0.1532
5-Jan-21,17:59:59,0.249
5-Jan-21,18:59:59,0.2714
5-Jan-21,19:59:59,0.2135
5-Jan-21,20:59:59,0.0912
5-Jan-21,21:59:59,-0.0612
5-Jan-21,22:59:59,-0.2018
5-Jan-21,23:59:59,-0.2941
6-Jan-21,0:59:59,-0.3154
6-Jan-21,1:59:59,-0.2606
6-Jan-21,2:59:59,-0.1412
6-Jan-21,3:59:59,0.0178
6-Jan-21,4:59:59,0.1818
6-Jan-21,5:59:59,0.3124
6-Jan-21,6:59:59,0.3766
6-Jan-21,7:59:59,0.3563
6-Jan-21,8:59:59,0.2553
6-Jan-21,9:59:59,0.099
6-Jan-21,10:59:59,-0.0734
6-Jan-21,11:59:59,-0.2212
6-Jan-21,12:59:59,-0.3124
6-Jan-21,13:59:59,-0.3306
6-Jan-21,14:59:59,-0.2754
6-Jan-21,15:59:59,-0.1615
6-Jan-21,16:59:59,-0.016
6-Jan-21,17:59:59,0.1257
6-Jan-21,18:59:59,0.2273
6-Jan-21,19:59:59,0.2613
6-Jan-21,20:59:59,0.2183
6-Jan-21,21:59:59,0.1109
6-Jan-21,22:59:59,-0.0302
6-Jan-21,23:59:59,-0.1666
7-Jan-21,0:59:59,-0.263
7-Jan-21,1:59:59,-0.296
7-Jan-21,2:59:59,-0.2573
7-Jan-21,3:59:59,-0.1537
7-Jan-21,4:59:59,-0.006
7-Jan-21,5:59:59,0.1537
7-Jan-21,6:59:59,0.2874
7-Jan-21,7:59:59,0.3606
7-Jan-21,8:59:59,0.3526
7-Jan-21,9:59:59,0.2637
7-Jan-21,10:59:59,0.1162
7-Jan-21,11:59:59,-0.0536
7-Jan-21,12:59:59,-0.206
7-Jan-21,13:59:59,-0.3082
7-Jan-21,14:59:59,-0.3404
7-Jan-21,15:59:59,-0.2978
7-Jan-21,16:59:59,-0.1907
7-Jan-21,17:59:59,-0.044
7-Jan-21,18:59:59,0.107
7-Jan-21,19:59:59,0.2234
7-Jan-21,20:59:59,0.2742
7-Jan-21,21:59:59,0.2461
7-Jan-21,22:59:59,0.1483
7-Jan-21,23:59:59,0.0088
8-Jan-21,0:59:59,-0.1346
8-Jan-21,1:59:59,-0.2455
8-Jan-21,2:59:59,-0.297
8-Jan-21,3:59:59,-0.2758
8-Jan-21,4:59:59,-0.1841
8-Jan-21,5:59:59,-0.0397
8-Jan-21,6:59:59,0.1255
8-Jan-21,7:59:59,0.2712
8-Jan-21,8:59:59,0.359
8-Jan-21,9:59:59,0.3639
8-Jan-21,10:59:59,0.2833
8-Jan-21,11:59:59,0.137
8-Jan-21,12:59:59,-0.0391
8-Jan-21,13:59:59,-0.2038
8-Jan-21,14:59:59,-0.3211
8-Jan-21,15:59:59,-0.3663
8-Jan-21,16:59:59,-0.3302
8-Jan-21,17:59:59,-0.2204
8-Jan-21,18:59:59,-0.0619
8-Jan-21,19:59:59,0.107
8-Jan-21,20:59:59,0.2429
8-Jan-21,21:59:59,0.3099
8-Jan-21,22:59:59,0.2908
8-Jan-21,23:59:59,0.1928
9-Jan-21,0:59:59,0.0438
9-Jan-21,1:59:59,-0.1165
9-Jan-21,2:59:59,-0.2479
9-Jan-21,3:59:59,-0.3187
9-Jan-21,4:59:59,-0.3104
9-Jan-21,5:59:59,-0.2221
9-Jan-21,6:59:59,-0.0711
9-Jan-21,7:59:59,0.108
9-Jan-21,8:59:59,0.2704
9-Jan-21,9:59:59,0.3724
9-Jan-21,10:59:59,0.3853
9-Jan-21,11:59:59,0.3045
9-Jan-21,12:59:59,0.15
9-Jan-21,13:59:59,-0.0399
9-Jan-21,14:59:59,-0.2206
9-Jan-21,15:59:59,-0.3512
9-Jan-21,16:59:59,-0.4028
9-Jan-21,17:59:59,-0.3629
9-Jan-21,18:59:59,-0.2393
9-Jan-21,19:59:59,-0.06
9-Jan-21,20:59:59,0.1314
9-Jan-21,21:59:59,0.2854
9-Jan-21,22:59:59,0.3618
9-Jan-21,23:59:59,0.3414
10-Jan-21,0:59:59,0.2317
10-Jan-21,1:59:59,0.0636
10-Jan-21,2:59:59,-0.119
10-Jan-21,3:59:59,-0.271
10-Jan-21,4:59:59,-0.3554
10-Jan-21,5:59:59,-0.3508
10-Jan-21,6:59:59,-0.2553
10-Jan-21,7:59:59,-0.089
10-Jan-21,8:59:59,0.1085
10-Jan-21,9:59:59,0.2864
10-Jan-21,10:59:59,0.3963
10-Jan-21,11:59:59,0.4076
10-Jan-21,12:59:59,0.3162
10-Jan-21,13:59:59,0.1454
10-Jan-21,14:59:59,-0.0621
10-Jan-21,15:59:59,-0.2568
10-Jan-21,16:59:59,-0.3934
10-Jan-21,17:59:59,-0.4401
10-Jan-21,18:59:59,-0.3846
10-Jan-21,19:59:59,-0.2376
10-Jan-21,20:59:59,-0.0328
10-Jan-21,21:59:59,0.1794
10-Jan-21,22:59:59,0.3443
10-Jan-21,23:59:59,0.4188
11-Jan-21,0:59:59,0.3848
11-Jan-21,1:59:59,0.2534
11-Jan-21,2:59:59,0.0608
11-Jan-21,3:59:59,-0.1435
11-Jan-21,4:59:59,-0.3095
11-Jan-21,5:59:59,-0.3972
11-Jan-21,6:59:59,-0.3845
11-Jan-21,7:59:59,-0.2722
11-Jan-21,8:59:59,-0.0857
11-Jan-21,9:59:59,0.1289
11-Jan-21,10:59:59,0.3152
11-Jan-21,11:59:59,0.4222
11-Jan-21,12:59:59,0.4201
11-Jan-21,13:59:59,0.3088
11-Jan-21,14:59:59,0.1173
11-Jan-21,15:59:59,-0.106
11-Jan-21,16:59:59,-0.3069
11-Jan-21,17:59:59,-0.4377
11-Jan-21,18:59:59,-0.4668
11-Jan-21,19:59:59,-0.3852
11-Jan-21,20:59:59,-0.2095
11-Jan-21,21:59:59,0.0193
11-Jan-21,22:59:59,0.2445
11-Jan-21,23:59:59,0.408